text|label|lang|font
Governo lança medidas para estimular o crédito e impulsionar investimentos via PPPs|2|ptbr|b3
Confira o funcionamento da bolsa de valores no Dia de Tiradentes e outros feriados de 2023|1|ptbr|b3
Mercado financeiro hoje: atenções ficam na ata do Banco Central Europeu e em Christine Lagarde|1|ptbr|b3
Ibovespa fecha em forte queda e dólar dispara, fechando a R$ 5,08, com pressão externa e busca por segurança|0|ptbr|b3
Produção industrial cai em fevereiro pelo 3º mês seguido; setor de alimentos puxa baixa|0|ptbr|b3
Saiba quais são os próximos passos após a entrega do arcabouço fiscal ao Congresso|1|ptbr|b3
Mercado financeiro hoje: produção industrial e Livro Bege do Fed são destaques|1|ptbr|b3
Ibovespa fecha em alta após divulgação do texto do arcabouço fiscal; dólar sobe|1|ptbr|b3
Entenda a relação ‘meia entrada no cinema’ e crédito direcionado dita por Campos Neto|1|ptbr|b3
Como declarar poupança no Imposto de Renda|1|ptbr|b3
Varejo alavanca PIB da China que cresce 4,5% no 1º trimestre|2|ptbr|b3
Mercado financeiro hoje: PIB mais alto na China e balanços de bancos americanos são destaques|2|ptbr|b3
Ibovespa fecha em queda e dólar em alta à espera da entrega do texto final do novo Arcabouço Fiscal ao Congresso|0|ptbr|b3
Vai investir em renda fixa? Faça o teste e descubra a melhor opção|1|ptbr|b3
Victor Assis: conheça o CEO por trás do maior podcast do Brasil, o Podpah|1|ptbr|b3
Entenda a relação entre arcabouço fiscal, orçamento do governo e salário mínimo|1|ptbr|b3
Prévia do PIB recua em janeiro; projeção de inflação para 2023 chega a 6%|0|ptbr|b3
Crise de crédito no país deve se intensificar, diz Vivian Lee, gestora da Ibiuna|0|ptbr|b3
Mercado financeiro hoje: arcabouço na Câmara e Lei de Diretrizes Orçamentárias entram no radar|1|ptbr|b3
Resumo da semana: 7 fatos ou frases que marcaram o mercado financeiro|1|ptbr|b3
Ibovespa fecha em leve queda mas avança 5.4% na semana; dólar caiu 2,8% no período|2|ptbr|b3
Saiba quais são os acordos firmados entre Brasil e China; Lula fala em ampliar parceria|1|ptbr|b3
Mercado financeiro hoje: vendas no varejo e produção industrial dos EUA ficam no radar|1|ptbr|b3
Ibovespa fecha em queda, e dólar chega a R$ 4,89 na mínima da sessão|0|ptbr|b3
Como declarar previdência privada no imposto de renda 2023?|1|ptbr|b3
Em discurso na China, Lula questiona dólar como moeda no comércio entre os Brics|1|ptbr|b3
Brasileiro está gastando menos e investindo mais. Classes C e D lideram avanço|2|ptbr|b3
Entenda a polêmica sobre o uso indevido da isenção de US$ 50 para importação por e-commerces|1|ptbr|b3
Mercado financeiro hoje: PPI e auxílio-desemprego nos EUA no radar|1|ptbr|b3
Dólar fecha em R$ 4,94 e Ibovespa avança aos 106 mil pontos com inflação dos EUA abaixo do esperado|2|ptbr|b3
Varejo começa o ano com recorde de vendas puxado por vestuário|2|ptbr|b3
Inflação nos EUA em março é a menor em quase dois anos|2|ptbr|b3
Zona do Euro, FMI, OMC, OCDE: quem é quem na economia mundial|1|ptbr|b3
Entretenimento é o novo aliado da educação financeira no Brasil|2|ptbr|b3
Mercado financeiro hoje: inflação ao consumidor dos EUA e ata do Fed são destaques|1|ptbr|b3
Arcabouço fiscal é pior do que o necessário e melhor do que o temido, diz Verde|1|ptbr|b3
Com IPCA abaixo do consenso no radar, Ibovespa fecha em alta de 4,29%|2|ptbr|b3
Imposto de Renda: como declarar investimentos no exterior?|1|ptbr|b3
Light entra na Justiça com pedido de mediação para suspender pagamento de dívidas|0|ptbr|b3
Gasolina pressiona inflação que avança 0,71% em março|0|ptbr|b3
Entenda a importância da visita de Lula à China, maior parceiro comercial do Brasil|1|ptbr|b3
Mercado financeiro hoje: IPCA de março é destaque da agenda local|1|ptbr|b3
Imposto de Renda: veja o calendário de pagamento das restituições|1|ptbr|b3
Ibovespa e dólar fecham em alta com Focus e dados de emprego dos EUA em foco|2|ptbr|b3
100 dias de Lula: compare o desempenho do Ibovespa no início de cada governo|1|ptbr|b3
Estimativa de inflação volta a subir e atinge 5,98% neste ano, aponta Focus|0|ptbr|b3
Mercado financeiro hoje: no 100º dia do governo Lula, boletim Focus e inflação guiam mercados|1|ptbr|b3
Investimentos de impacto positivo: o que são e como funcionam|2|ptbr|b3
7 fatos ou frases que resumem o mercado financeiro na primeira semana de abril|1|ptbr|b3
Empresas cíclicas e não-cíclicas: o que são e como diferenciar|1|ptbr|b3
Ibovespa fecha em leve queda em dia de cautela antes de feriado e payroll|1|ptbr|b3
Como declarar FIIs no Imposto de Renda 2023?|1|ptbr|b3
“Arcabouço fiscal tem potencial para reduzir inflação e juros”, diz Tiago Sbardelotto|2|ptbr|b3
Mercado financeiro hoje: Haddad e auxílio-desemprego nos EUA ficam no radar dos investidores|1|ptbr|b3
Ibovespa reduz perdas e fecha em queda com pressão de commodities; Roberto Campos e ADP fazem dólar cair a R$ 5,04|1|ptbr|b3
Presidente do BC avalia arcabouço fiscal como ‘superpositivo’|2|ptbr|b3
Páscoa mais cara: principais produtos sobem 12%, o dobro da inflação|0|ptbr|b3
Primeira prévia da carteira do Ibovespa B3 que entra em vigor em maio conta com 3 alterações|1|ptbr|b3
Mercado financeiro hoje: Campos Neto e indicadores nos EUA movimentam o dia|1|ptbr|b3
Ibovespa volta a subir após susto com petróleo e relatório Jolts nos EUA; dólar fecha em alta|1|ptbr|b3
Natura vende Aesop para a L’Oréal em negócio de US$ 2,5 bilhões|1|ptbr|b3
Como declarar ETFs no Imposto de Renda 2023?|1|ptbr|b3
Quase metade dos inadimplentes tem dívidas em atraso a mais de 90 dias|0|ptbr|b3
Arcabouço fiscal: as propostas do governo para elevar a arrecadação e viabilizar a nova regra|1|ptbr|b3
Mercado financeiro hoje: Haddad e dados industriais dos EUA no radar|1|ptbr|b3
Ibovespa reduz perdas e fecha em leve queda com petróleo e inflação no radar; dólar fica estável|1|ptbr|b3
Projeção de inflação vai a 5,96% neste ano em meio a discussão da nova regra fiscal|0|ptbr|b3
Mercado financeiro hoje: petróleo eleva chance de aperto pelo Fed e arcabouço no Congresso fica no radar|1|ptbr|b3
Renda fixa: Marília Fontes explica como se proteger da crise de crédito e montar a reserva de emergência|1|ptbr|b3
O que é ESG e como isso pode mudar o mundo dos negócios|1|ptbr|b3
Em dia de realização, Ibovespa fecha em firme queda após cinco pregões em alta|0|ptbr|b3
Como declarar herança no Imposto de Renda 2023|1|ptbr|b3
7 fatos ou frases que resumem o mercado financeiro na última semana de Março|1|ptbr|b3
Mulheres e Finanças: 9 cursos gratuitos com as melhores especialistas do mercado|2|ptbr|b3
10 razões financeiras para investir em ações de empresas que promovam a igualdade entre homens e mulheres|2|ptbr|b3
Desemprego volta a crescer no trimestre até fevereiro e atinge 8,6%|0|ptbr|b3
Mercado financeiro hoje: Haddad e Campos Neto seguem na mira de investidores|1|ptbr|b3
Ibovespa fecha em alta e dólar em queda após apresentação do novo Arcabouço Fiscal|2|ptbr|b3
Brasil tem o maior juro real do mundo; veja o ranking|1|ptbr|b3
Arcabouço agrada mercado, mas há dúvidas se regra traduz visão completa do governo|1|ptbr|b3
Como declarar BDRs no Imposto de Renda 2023|1|ptbr|b3
O que é o arcabouço fiscal que vai para substituir o teto de gastos|1|ptbr|b3
Mercado financeiro hoje: anúncio do arcabouço fiscal e Campos Neto guiam mercados|2|ptbr|b3
Ibovespa retoma fôlego e fecha em alta à espera do novo arcabouço fiscal|2|ptbr|b3
Por que o acesso ao crédito está mais caro e difícil no Brasil? Entenda|1|ptbr|b3
CVM adia novo marco dos fundos para outubro|1|ptbr|b3
Bancos retomam consignado do INSS após teto de juros subir para 1,97%|2|ptbr|b3
Méliuz aprova grupamento e desdobramento de ações. Entenda|1|ptbr|b3
Mercado financeiro hoje: arcabouço fiscal volta ao radar dos investidores|1|ptbr|b3
Ibovespa fecha em alta e dólar cai com ata do Copom e arcabouço fiscal em foco|2|ptbr|b3
“Há ainda muito para evoluir, melhorar e investir no setor de tecnologia”, diz presidente da TOTVS|1|ptbr|b3
Descubra os 10 BDRs preferidos dos investidores brasileiros|2|ptbr|b3
Copom pede ‘serenidade’ e ‘paciência’ e sinaliza que nova regra fiscal pode ajudar na queda dos juros|2|ptbr|b3
Mercado financeiro hoje: ata do Copom mantém tom duro e deve guiar mercado|1|ptbr|b3
Classes C e D/E puxam aumento do número de investidores brasileiros|2|ptbr|b3
Ibovespa fecha em alta próximo de retomar os 100 mil pontos; dólar recua para R$ 5,20|2|ptbr|b3
First Citizens compra falido Silicon Valley Bank nos Estados Unidos|2|ptbr|b3
Inflação no longo prazo acelera pela segunda semana seguida, aponta Focus|0|ptbr|b3
Mercado financeiro hoje: alívio com crise bancária e expectativa de antecipação do arcabouço fiscal no foco|2|ptbr|b3
7 fatos ou frases que resumem o mercado financeiro na última semana|1|ptbr|b3
Ibovespa fecha em alta com exterior negativo freando recuperação maior; dólar cai|1|ptbr|b3
Litígio Zero: programa de renegociação de dívidas com a Receita se encerra no dia 31; veja como aderir|1|ptbr|b3
Novas preocupações com o setor bancário derrubam ações do Deutsche Bank|0|ptbr|b3
Mercado financeiro hoje e Morning Call Safra: IPCA-15 e Lula no foco; cenário de cautela no exterior|1|ptbr|b3
Ibovespa fecha em forte queda e fica abaixo dos 98 mil pontos|0|ptbr|b3
Conheça as 20 empresas mais valiosas do mundo que têm BDRs negociados na B3|2|ptbr|b3
Lucro da Caixa encolhe 43% em 2022; banco provisionou 50% da dívida com a Americanas|0|ptbr|b3
Copom mantém tom sobre incertezas fiscais e juros altos; Haddad fala em comunicado preocupante|1|ptbr|b3
Entenda o que é crise de crédito e como ela pode afetar a economia e os investimentos|1|ptbr|b3
Mercado financeiro hoje e Morning Call Safra: investidores devem diminuir apostas em cortes na Selic|0|ptbr|b3
Copom decide manter a Selic em 13,75%|1|ptbr|b3
Imposto de Renda: veja quais documentos são necessários para declarar|1|ptbr|b3
Ibovespa fecha em queda e está próximo de romper suporte de 100 mil pontos após Fed e falas de Powell|0|ptbr|b3
Colapso do Silicon Valley Bank nos EUA: o maior desde a crise financeira de 2008|0|ptbr|b3
Falência do Silicon Valley Bank reacende fantasma da crise global de 2008|0|ptbr|b3
Fed sobe juros em 0,25 ponto percentual e sinaliza que alta ainda não terminou|0|ptbr|b3
Quase metade das pessoas cairia em golpe de investimento, aponta CVM e ANBIMA|0|ptbr|b3
Nova regra fiscal fica para abril e decepciona mercado; Copom decide Selic hoje|0|ptbr|b3
Mercado financeiro hoje e Morning Call Safra: na Super Quarta, investidores monitoram sinais do Fed|1|ptbr|b3
Mercado hoje: Ibovespa zera os ganhos do dia mas fecha em leve alta; dólar avança|1|ptbr|b3
Americanas entrega plano de recuperação judicial à Justiça; ações sobem|2|ptbr|b3
Copom deve manter Selic em 13,75% nesta quarta; saiba o que esperar do encontro|1|ptbr|b3
Mercado financeiro hoje e Morning Call Safra: expectativa sobre juros e arcabouço fiscal guiam o mercado|1|ptbr|b3
Ibovespa fecha em queda e testa suporte de 100 mil pontos com cautela diante de arcabouço fiscal|0|ptbr|b3
FGC inicia pagamento da garantia aos credores da BRK, liquidada extrajudicialmente pelo BC|2|ptbr|b3
Global Money Week oferece cursos gratuitos sobre finanças para crianças e jovens|2|ptbr|b3
Como declarar Day Trade no Imposto de Renda? Confira com o Bora!|1|ptbr|b3
Venda do Credit Suisse reduz a zero títulos de maior risco; mercado avalia a compra|1|ptbr|b3
Focus: projeção para inflação desacelera em 2023, mas avança no próximo ano|1|ptbr|b3
Banco UBS compra Credit Suisse por US$ 3,25 bilhões em operação de emergência|2|ptbr|b3
Mercado financeiro hoje: compra do Credit Suisse, nova âncora fiscal e semana de juros|1|ptbr|b3
7 fatos ou frases que resumem o mercado financeiro na última semana|1|ptbr|b3
Ibovespa fecha em queda firme com pressão externa e expectativa por arcabouço fiscal; dólar avança|0|ptbr|b3
First Republic Bank recebe aporte de US$ 30 bi, mas mercado vê ajuda com desconfiança|0|ptbr|b3
Desemprego chega a 8,4% entre novembro e janeiro e se mantém estável|1|ptbr|b3
Mercado financeiro hoje e Morning Call Safra: apresentação de arcabouço fiscal e taxa de desemprego na agenda|1|ptbr|b3
Como declarar renda fixa no Imposto de Renda? Aprenda com o Bora!|1|ptbr|b3
Ibovespa fecha em alta diante do menor temor com crise bancária; dólar fecha em queda de 1%|2|ptbr|b3
Martelo B3: a história e as curiosidades do objeto usado em leilões na Bolsa|1|ptbr|b3
Imposto de Renda: como declarar renda variável|1|ptbr|b3
BC Europeu deixa crise bancária de lado e sobe juros ao maior nível em 15 anos|2|ptbr|b3
Credit Suisse encolheu US$ 10 bi em 1 ano e agora pede socorro de US$ 54 bi do BC|0|ptbr|b3
Mercado financeiro hoje: decisão do BC Europeu sobre juros é destaque|1|ptbr|b3
IR 2023: Vendeu FII ou Fiagro com prejuízo em 2022? Declare à Receita Federal|1|ptbr|b3
Ibovespa reduz perdas e fecha em leve queda com a turbulência no setor financeiro|1|ptbr|b3
Dia do Consumidor: dicas para aproveitar as ofertas sem dívidas e com segurança|2|ptbr|b3
Criptomoedas: o que dá para aprender com o golpe contra jogadores do Palmeiras?|1|ptbr|b3
Como declarar ações no Imposto de Renda em 2023?|1|ptbr|b3
Crise no Credit Suisse: ações afundam após principal acionista descartar injeção de capital|0|ptbr|b3
LCAs, CRAs e Fiagros: número de investidores no agronegócio quase dobra em 2022|2|ptbr|b3
Orçamento apertado faz brasileiros mexerem nas economias para cobrir gastos|1|ptbr|b3
Mercado financeiro hoje e Morning Call Safra: investidores monitoram dados nos EUA|1|ptbr|b3
O prazo de entrega da declaração do imposto de renda começa hoje|1|ptbr|b3
Ibovespa e dólar fecham em queda com foco na inflação dos EUA e nas expectativas para juros|1|ptbr|b3
Como declarar fundos de investimento no Imposto de Renda?|1|ptbr|b3
Inflação desacelera nos EUA, mas tendência ainda é de alta nos preços|1|ptbr|b3
8 dados sobre a desigualdade de gênero e como a inflação global pode aumentá-la|1|ptbr|b3
Mercado financeiro hoje e Morning Call Safra: arcabouço fiscal e dados dos EUA no foco|1|ptbr|b3
Em dia volátil, Ibovespa fecha em baixa de 0,47% com foco no impacto do colapso do SVB|0|ptbr|b3
Anbima alterou os perfis de investidores; veja o que muda|1|ptbr|b3
Focus: projeção de inflação avança e se aproxima de 6% em 2023|0|ptbr|b3
Golden Visa Portugal: por que o visto de ouro para investidores acabou?|0|ptbr|b3
Pregões da B3 mudam de horário: veja os novos períodos de funcionamento|1|ptbr|b3
Mercado financeiro hoje: Boletim Focus, crise de bancos nos EUA e arcabouço fiscal no radar|1|ptbr|b3
Rainhas da Bolsa conta história das primeiras mulheres que trabalharam na bolsa do Kuwait|1|ptbr|b3
Ibovespa cede com inflação acima do esperado e recuo em Wall Street|0|ptbr|b3
Como declarar os investimentos no Imposto de Renda?|1|ptbr|b3
EUA criam mais vagas que o esperado em fevereiro e surpreendem o mercado|2|ptbr|b3
Educação impulsiona IPCA de fevereiro que avança 0,84%|2|ptbr|b3
Todas as regras para declarar o Imposto de Renda 2023|1|ptbr|b3
Mercado financeiro e Morning Call Safra: payroll no exterior e IPCA no mercado interno|1|ptbr|b3
Ibovespa oscila, acentua queda no fim e fecha em baixa de 1,38%|0|ptbr|b3
Mulheres: 5 dados que mostram o perfil das investidoras na bolsa|2|ptbr|b3
Brasil tem a menor criação de empregos formais para janeiro em três anos|0|ptbr|b3
Pedidos de seguro-desemprego sobem nos EUA e podem indicar efeito dos juros|0|ptbr|b3
Receita libera o download do programa gerador do imposto de renda|1|ptbr|b3
Mercado financeiro hoje e Morning Call Safra: arcabouço fiscal e dados nos EUA ficam no radar|1|ptbr|b3
Ibovespa alavanca 2,22% com expectativa de investidores sobre novo arcabouço fiscal|2|ptbr|b3
Como as empresas podem ajudar a incluir mulheres negras no mercado de trabalho|2|ptbr|b3
Criação de vagas desacelera nos EUA, mas segue elevada; PIB da zona do Euro fica estável|1|ptbr|b3
Novo arcabouço fiscal: “o problema do Brasil não é criar regras e sim segui-las”, diz Alexandre Schwartsman|1|ptbr|b3
Mercado financeiro hoje e Morning Call Safra: indicadores nos EUA e Europa são destaque|1|ptbr|b3
Ibovespa cai após presidente do Banco Central do EUA indicar juros mais altos|0|ptbr|b3
Como declarar LCI e LCA no Imposto de Renda?|1|ptbr|b3
Juros nos EUA vão subir acima do esperado, diz presidente do Federal Reserve|0|ptbr|b3
7 pecados da declaração de investimentos no Imposto de Renda|0|ptbr|b3
Financiamentos imobiliários mais caros ajudam a pressionar aluguéis em fevereiro|0|ptbr|b3
“Oscar dos investimentos”: confira os melhores e os piores títulos, segundo analistas de mercado|1|ptbr|b3
Banco Central reabre consulta para dinheiro esquecido em contas bancárias|1|ptbr|b3
Mercado financeiro hoje e Morning Call Safra: discurso de Powell e âncora fiscal guiam índices|1|ptbr|b3
Ibovespa fecha em alta com avanço sobre arcabouço fiscal e otimismo nas aéreas|2|ptbr|b3
Correção do FGTS: julgamento do STF pode mudar o rendimento do fundo|1|ptbr|b3
Meta de 5% para o crescimento da China em 2023 decepciona o mercado|0|ptbr|b3
Mercado eleva projeção do PIB 2023, apesar do 4º trimestre no negativo|2|ptbr|b3
Selic: “Comparação com juros de outros países é absurda”, diz Maílson da Nóbrega|1|ptbr|b3
Mercado financeiro hoje: arcabouço fiscal concentra atenção de investidores|1|ptbr|b3
CRI e CRA: preciso declarar no imposto de renda?|1|ptbr|b3
Ibovespa encerra a semana em alta com reajuste da Petrobras e dados chineses animadores|2|ptbr|b3
Onde declarar CDB no Imposto de Renda? Entenda com o Bora!|1|ptbr|b3
Dois anos de Open Finance: como anda o sistema de compartilhamento do Banco Central?|1|ptbr|b3
Indicador mostra perda de fôlego dos Serviços no Brasil; nos EUA índice do setor avança|1|ptbr|b3
Mutirão da Febraban renegocia dívidas bancárias durante mês de março|2|ptbr|b3
Entenda a discussão em torno dos dividendos da Petrobras|1|ptbr|b3
Por que a Oi pediu a segunda recuperação judicial? Entenda|0|ptbr|b3
Mercado financeiro e Morning Call Safra: índices PMI no Brasil e EUA são destaques|1|ptbr|b3
Ibovespa fecha em recuo de 1%, aos 103 mil pontos, pressionado por Petrobras|0|ptbr|b3
O que é meta de inflação: entenda a discussão sobre o assunto|1|ptbr|b3
EDP anuncia fechamento de capital e oferece prêmio de 22,6% sobre preço da ação|2|ptbr|b3
Petrobras tem lucro recorde com política de dividendos no alvo do governo|2|ptbr|b3
PIB do Brasil cresce 2,9% em 2022, apesar da queda no 4º trimestre|2|ptbr|b3
Mercado e Morning Call Safra: PIB e balanço da Petrobras movimentam mercado|1|ptbr|b3
Ibovespa fecha em baixa com reoneração de combustíveis|0|ptbr|b3
Saiba quanto deve subir o preço dos combustíveis com a reoneração de impostos|1|ptbr|b3
PIB 2022 terá crescimento forte, mas com indicação de desaceleração em 2023|1|ptbr|b3
Mercado e Morning Call Safra: índices nos EUA e China devem influenciar bolsa no Brasil|1|ptbr|b3
PwC Brasil: combater catástrofes naturais também é papel de investidores|2|ptbr|b3
Ibovespa registra queda no último pregão de fevereiro; Petrobras tem forte desvalorização|0|ptbr|b3
Debêntures isentas de IR impulsionam financiamento privado em infraestrutura|2|ptbr|b3
Entenda o impacto da reoneração dos combustíveis no seu bolso|0|ptbr|b3
Desemprego cai para 9,3% em 2022 puxado pela informalidade recorde|2|ptbr|b3
Cenário de juros altos dificulta vida de assessores de investimentos e plataformas|0|ptbr|b3
Empresas têm até hoje para enviar comprovantes de rendimentos|1|ptbr|b3
Mercado e Morning Call Safra: redução de combustíveis continua no radar|1|ptbr|b3
Ibovespa fecha próximo da estabilidade com reoneração dos combustíveis no radar|1|ptbr|b3
Inflação do aluguel, IGP-M desacelera em fevereiro|1|ptbr|b3
Estimativa de inflação sobe em meio às discussões sobre reoneração dos combustíveis|0|ptbr|b3
Em carta anual, Warren Buffett destaca confiança no futuro da economia dos EUA|2|ptbr|b3
Mercado: decisão sobre combustíveis e novo diretor do BC entram no foco do investidor|1|ptbr|b3
Ibovespa cede após dados negativos de inflação no Brasil e nos EUA|0|ptbr|b3
Um ano de Guerra na Ucrânia: as mudanças no tabuleiro global e o que está por vir|1|ptbr|b3
Saiba quais ações mais se valorizaram desde o início da pandemia|2|ptbr|b3
Gastos com educação pressionam prévia da inflação em fevereiro|0|ptbr|b3
Mercado e Morning Call Safra: indicadores de inflação são destaques no Brasil e nos EUA|1|ptbr|b3
Ibovespa fecha em alta após redução de expectativas sobre aumentos de juros nos EUA|2|ptbr|b3
Imposto de Renda: informes de rendimentos devem ser entregues até 28 de fevereiro|1|ptbr|b3
PIB dos EUA vem mais fraco no 4º tri de 2022 e anima investidores|2|ptbr|b3
Energia ainda pressiona inflação na zona do Euro um ano após a guerra na Ucrânia|0|ptbr|b3
IR: 13,7 milhões de pessoas deixarão de pagar o imposto. Veja se você é uma delas|1|ptbr|b3
Após crise na Americanas, saúde do varejo brasileiro preocupa mercado|0|ptbr|b3
Mercado e Morning Call Safra: investidores monitoram PIB e inflação nos EUA|1|ptbr|b3
Ibovespa fecha em baixa intensa puxada por Focus e ata do Fed|0|ptbr|b3
Ata do FED sinaliza novas altas de juros para conter a inflação|0|ptbr|b3
Imposto de renda: como não cair na malha fina|1|ptbr|b3
Mercado eleva estimativa de inflação e PIB para 2023|2|ptbr|b3
Rihanna não é a única: veja 5 artistas que diversificaram seus negócios|1|ptbr|b3
Tem títulos do Tesouro Direto? Descubra aqui se você precisa declarar!|1|ptbr|b3
Mercado e Morning Call Safra: expectativa sobre pesquisa Focus e ata da reunião do Fed|1|ptbr|b3
Como saber se preciso declarar Imposto de Renda?|1|ptbr|b3
Ibovespa registra baixa em dia de agenda esvaziada|0|ptbr|b3
Entenda a discussão em torno de uma possível elevação das metas de inflação|1|ptbr|b3
O impacto do novo salário mínimo no seu bolso e no caixa do governo|1|ptbr|b3
Por que o lucro da Vale caiu 32% em um ano?|0|ptbr|b3
IR: Lote residual da restituição já pode ser consultado; veja como|1|ptbr|b3
Como declarar tesouro direto no imposto de renda 2023?|1|ptbr|b3
Hiperinflação: o que é e por que acontece|1|ptbr|b3
Arthur Vieira: Eu sei que você já leu o livro mais importante sobre finanças|1|ptbr|b3
Mercado financeiro e Morning Call Safra: dia de cautela antes de feriado|1|ptbr|b3
Ibovespa vai na contramão do mercado externo e fecha em alta|2|ptbr|b3
Índices dos EUA pressionam para novos aumentos de juros no país|0|ptbr|b3
‘Prévia’ do PIB: economia cresce 2,9% em 2022; 4º tri fecha em queda|1|ptbr|b3
Inadimplentes podem ter CNH e passaporte apreendidos, determina STF|0|ptbr|b3
Receita autoriza que DARF seja pago com cartão de crédito|2|ptbr|b3
Entenda a crise nas big techs e o impacto para o investidor|0|ptbr|b3
Mercado financeiro hoje: reunião do Conselho Monetário Nacional|1|ptbr|b3
Ibovespa encerra com alta após falas de Haddad sobre inflação e arcabouço fiscal|2|ptbr|b3
Trio 3G: de Americanas a BK, os negócios de Jorge Lemann, Marcel Telles e Alberto Sicupira|1|ptbr|b3
Varejo avança forte nos EUA em janeiro e sobe pressão sobre juros|2|ptbr|b3
Imposto de Renda 2023: veja qual é o prazo de entrega das declarações|1|ptbr|b3
Haddad afirma que pode anunciar nova âncora fiscal em março|2|ptbr|b3
Mercado financeiro hoje: meta de inflação segue no centro das atenções|1|ptbr|b3
Ibovespa fecha em queda com investidores repercutindo metas da inflação e dados dos EUA|0|ptbr|b3
Divulgação de resultados: confira o calendário de balanços das empresas do Ibovespa|1|ptbr|b3
EUA: inflação se mantém elevada em janeiro e sobe pressão sobre juros|0|ptbr|b3
Campos Neto diz ser contra alterar meta de inflação e que BC não gosta de juros altos|1|ptbr|b3
Carnaval e finanças: 5 curiosidades sobre a festa mais amada do Brasil|1|ptbr|b3
Mercado financeiro hoje: EUA atento ao índice de consumo; Campos Neto e balanços são foco no Brasil|1|ptbr|b3
Ibovespa tem alta após resultados de bancos|2|ptbr|b3
Três maiores bancos do país fecham 2022 com lucro abaixo do esperado|0|ptbr|b3
3 ações que pagam dividendos mensais para você avaliar se vale a pena ter em carteira|2|ptbr|b3
Mercado eleva para 4% a estimativa de inflação para 2024|0|ptbr|b3
Mercado financeiro hoje: Roberto Campos, CMV e balanços|1|ptbr|b3
Ibovespa fecha próximo da estabilidade; Bradesco impede maiores ganhos|1|ptbr|b3
Mercado financeiro e Morning Call Safra: metas de inflação, petróleo e balanços|1|ptbr|b3
Ibovespa tem forte queda, de 1,77%, com ruídos locais sobre a meta da inflação|0|ptbr|b3
Vendas do varejo fecham 2022 no positivo com avanço de 1%|2|ptbr|b3
Puxada por alimentos, inflação começa 2023 em alta de 0,53%|0|ptbr|b3
Lula e Biden se reúnem nesta sexta em meio a déficit recorde no comércio com EUA|1|ptbr|b3
Mercado financeiro e Morning Call Safra: IPCA, varejo e juros são o destaque do dia|1|ptbr|b3
Ibovespa se descola do mercado externo e encerra em alta puxada por bancos|2|ptbr|b3
Giovanna Antonelli: “Hoje meu trabalho é para as mulheres porque elas me inspiram”|1|ptbr|b3
Produtos e serviços consumidos durante o verão e o carnaval estão 16% mais caros|0|ptbr|b3
Quais foram os maiores IPOs da história?|1|ptbr|b3
MEI: como declarar o Imposto de Renda e não cair na malha-fina|1|ptbr|b3
Mercado financeiro hoje: repercussão de Powell no exterior; falas de Lula e Haddad no Brasil|1|ptbr|b3
Ibovespa fecha em queda de 0,83%, a 107.829 pontos, com críticas de Lula ao BC no radar|0|ptbr|b3
Presidente do Banco Central defende autonomia em meio às críticas do governo Lula|1|ptbr|b3
BC alerta para política fiscal expansionista e alta de inflação no longo prazo|0|ptbr|b3
Mercado financeiro hoje: ata do Copom e evento com presidente do BC são os destaques|1|ptbr|b3
Ibovespa fecha próximo da estabilidade com Boletim Focus e falas de Lula|1|ptbr|b3
BNDES: o que é, como funciona e qual seu papel na economia|1|ptbr|b3
Mercadante toma posse como presidente do BNDES|1|ptbr|b3
Reforma Tributária: entenda as propostas e o impacto positivo nos negócios|2|ptbr|b3
Focus: mercado eleva estimativa para Selic em 2024 e 2025; inflação avança|0|ptbr|b3
Mercado financeiro hoje: semana conta com ata do Copom, balanços de bancos e Lula nos EUA|1|ptbr|b3
Ibovespa tem sessão volátil e encerra com queda|0|ptbr|b3
EUA criam mais vagas que o esperado em janeiro e surpreendem o mercado|2|ptbr|b3
Produção industrial fecha 2022 no vermelho|0|ptbr|b3
Mercado financeiro e Morning Call Safra: payroll dos EUA está no centro das atenções|1|ptbr|b3
Ibovespa recua 1,72% com Petrobras e Vale pressionadas por queda de commodities|0|ptbr|b3
Banco Central Europeu reforça aperto e eleva juros em 0,50%|0|ptbr|b3
Copom sobe o tom contra riscos fiscais e mudanças na meta de inflação|0|ptbr|b3
Selic a 13,75%: quanto renderia R$ 1.000 em Tesouro Direto com essa taxa de juros?|1|ptbr|b3
Mercado financeiro hoje: BCE, BOE e Fed guiam mercado externo|1|ptbr|b3
Primeiro Copom do ano mantém a Selic em 13,75%|1|ptbr|b3
Ibovespa fecha em queda puxada por Vale e Raízen; BRF impede mais perdas|0|ptbr|b3
Fed desacelera ritmo de aperto e sobe juros em 0,25 ponto percentual|1|ptbr|b3
Devo declarar minhas criptomoedas no Imposto de Renda?|1|ptbr|b3
Inflação na zona do Euro cai em janeiro pelo terceiro mês seguido|2|ptbr|b3
Mercado financeiro e Morning Call Safra: Super Quarta com reuniões do Copom e Fed|1|ptbr|b3
Ibovespa fecha em alta de 1,03%, acima do 113 mil pontos; bolsa subiu 3,23% em janeiro|2|ptbr|b3
Gautam Adani – homem mais rico da Ásia sai do ‘Top 3’ dos bilionários|0|ptbr|b3
PIB da zona do Euro surpreende e afasta temores de recessão|2|ptbr|b3
Mercado financeiro e Morning Call Safra: política monetária do FED e Copom|1|ptbr|b3
Ibovespa fecha em leve baixa de 0,04% após dia de volatilidade na bolsa|1|ptbr|b3
IGP-M, inflação do aluguel, desacelera em janeiro; confiança do comércio e serviços cai|1|ptbr|b3
Mercado eleva expectativa de inflação em semana de decisão do Copom|0|ptbr|b3
Independência do Banco Central: por que isso importa?|1|ptbr|b3
Mercado financeiro hoje: exterior mostra cautela antes de FED, Payroll e balanços|1|ptbr|b3
Ibovespa encerra em queda puxada por Vale, Petrobras e BRF|0|ptbr|b3
4 fatores globais que podem afetar suas finanças e investimentos em 2023|1|ptbr|b3
Índice de Confiança da Indústria recua 0,2 ponto em janeiro, diz FGV|0|ptbr|b3
Famílias e empresas pagaram juros mais altos em 2022, diz BC|0|ptbr|b3
De Animal Crossing a EVE: conheça games que se sofisticaram ao lidar com o mundo financeiro|1|ptbr|b3
Mercado financeiro hoje: exterior indefinido reforça cautela com fiscal e Petrobras|0|ptbr|b3
Ibovespa B3 tem leve recuo, de 0,08%, pressionado por Petrobras|0|ptbr|b3
O que esperar de Jean Paul Prates na presidência da Petrobras|1|ptbr|b3
Tendências de investimentos em ESG para 2023|1|ptbr|b3
PIB dos Estados Unidos cresce no 4º trimestre, mas perde ritmo|1|ptbr|b3
Conselho da Petrobras avalia hoje indicação de Prates para a presidência|1|ptbr|b3
Entenda a nova política externa brasileira e os entraves para o comércio regional|1|ptbr|b3
Mercado financeiro hoje: atenção voltada ao PIB e balanços nos EUA|1|ptbr|b3
Ibovespa fecha no positivo em dia de feriado em SP|2|ptbr|b3
Americanas: lista de credores tem quase 8 mil nomes e dívida de R$ 41,235 bilhões|0|ptbr|b3
Alguns ministros deixam o dinheiro parado na conta corrente; mas você sabe os riscos de fazer isso?|1|ptbr|b3
Mercado financeiro hoje: cautela externa em dia de balanços de empresas nos EUA|1|ptbr|b3
Ibovespa tem alta de 1,16% apoiado em commodities e setor de consumo|2|ptbr|b3
B3 comemora aniversário de São Paulo com programação cultural gratuita|2|ptbr|b3
Indicadores mostram recuperação na economia europeia; EUA ainda patina|2|ptbr|b3
Receita abre hoje consulta a lote residual de restituição do IR|1|ptbr|b3
Prévia da inflação começa 2023 com avanço de 0,55%|1|ptbr|b3
Mercado financeiro hoje: Lula, IPCA-15 e Americanas|1|ptbr|b3
Ibovespa fecha com queda de 0,27% após Focus elevar projeções de inflação|0|ptbr|b3
Entenda a ideia de moeda única do Mercosul e por que ela é difícil de ser implementada|1|ptbr|b3
Brasil e Argentina estudam criação de moeda comercial comum sul-americana|1|ptbr|b3
Mercado sobe expectativa de inflação pela 6ª semana seguida|0|ptbr|b3
Mercado financeiro: Lula na Argentina e PIB americano são o foco do dia|1|ptbr|b3
6 fatos para entender a crise da Americanas|0|ptbr|b3
Ibovespa encerra em queda puxada por Americanas|0|ptbr|b3
O que acontece com as ações das empresas em recuperação judicial listadas na bolsa?|1|ptbr|b3
Caso Americanas: CVM vai analisar conduta de Lemann, Sicupira e Telles|0|ptbr|b3
Fitch corta nota de crédito da Americanas ao menor patamar da escala|0|ptbr|b3
Google anuncia demissão de 12 mil funcionários|0|ptbr|b3
Mercado financeiro hoje: otimismo no exterior, repercussão de Americanas no Brasil|2|ptbr|b3
B3 exclui ações da Americanas do Ibovespa e de outros 13 índices|0|ptbr|b3
Ibovespa B3 tem leve alta em dia volátil com commodities e Americanas no radar|2|ptbr|b3
Ação da Americanas (AMER3) deixará de integrar índices da B3 após pedido de recuperação judicial|0|ptbr|b3
Varejo: como o caso Americanas interfere na perspectiva do setor para 2023|1|ptbr|b3
Americanas: entenda o que é a recuperação judicial|1|ptbr|b3
Americanas entra com pedido de recuperação judicial; dívida chega a R$ 43 bilhões|0|ptbr|b3
Desemprego cai para 8,1% no trimestre até novembro puxado pelo trabalho formal|2|ptbr|b3
Mercado financeiro hoje e Morning Call Safra: Americanas e taxa de emprego no Brasil em meio ao receio externo|1|ptbr|b3
Ibovespa tem alta de 0,71% puxada por commodities|2|ptbr|b3
Inflação moderada e emprego apertado vão impactar crescimento dos EUA, diz Fed|0|ptbr|b3
Índices dos EUA confirmam que pressões inflacionárias começam a perder força|2|ptbr|b3
Inflação na zona do Euro desacelera e fecha 2022 em 9,2%|1|ptbr|b3
Mercado financeiro e Morning Call Safra: salário mínimo no Brasil e Livro Bege nos EUA|1|ptbr|b3
Ibovespa fecha em alta de 2,04% com ajuda de commodities e petróleo|2|ptbr|b3
B3 se consolida como empresa ambidestra, com negócios de valor e de crescimento, diz CEO|2|ptbr|b3
Haddad diz que vai apresentar nova regra fiscal até abril e zerar déficit em 2 anos|2|ptbr|b3
Como o salário mínimo impacta a economia ( e o seu bolso)?|1|ptbr|b3
PIB da China cresce 3% em 2022, segunda pior taxa em 46 anos|0|ptbr|b3
Mercado financeiro e Morning Call Safra: Davos, PIB da China e Lojas Americanas|1|ptbr|b3
Ibovespa fecha em queda, pressionado por commodities, Focus e Americanas|0|ptbr|b3
Mercado eleva para 5,39% estimativa de inflação para 2023, aponta Focus|0|ptbr|b3
Prêmio do BBB já perdeu mais da metade do valor. E o que você tem a ver com isso?|0|ptbr|b3
Mercado financeiro hoje: feriado nos EUA reduz liquidez global em semana de Davos|1|ptbr|b3
Americanas: vencimento antecipado das dívidas é suspenso pela Justiça|2|ptbr|b3
Ibovespa encerra em queda com pacote fiscal insuficiente e IBC-Br apontando retração da economia|0|ptbr|b3
Americanas (AMER3): Fitch rebaixa rating da empresa de “BB” para “CC”|0|ptbr|b3
Mercado aprova pacote fiscal do governo, mas esperava mais|1|ptbr|b3
Governo formaliza indicação de Jean Paul Prates à presidência da Petrobras|1|ptbr|b3
Entenda como a retomada da economia chinesa pode ajudar investidores|2|ptbr|b3
‘Prévia’ do PIB recua em novembro e marca 4ª queda mensal seguida|0|ptbr|b3
Mercado financeiro hoje: IBC-Br, Fernando Haddad e Americanas no radar Brasil, balanços de bancos são foco nos EUA|1|ptbr|b3
Ibovespa fecha pregão em queda e Americanas (AMER3) desaba 77,33%|0|ptbr|b3
Haddad anuncia medidas para reduzir rombo nas contas públicas|1|ptbr|b3
Americanas (AMER3): leilões e fato relevante, acompanhe o dia da companhia na B3|1|ptbr|b3
EUA: inflação desacelera em dezembro e atinge menor patamar em mais de um ano|2|ptbr|b3
Setor de Serviços fica estável em novembro e soma dois meses sem avanço|1|ptbr|b3
Prêmio do BBB23 será acumulativo: como funciona e o que isso tem a ver com investimentos?|1|ptbr|b3
Mercado financeiro hoje: pacote de Haddad e inconsistência da Americanas|1|ptbr|b3
Americanas: Rial renuncia presidência após inconsistências contábeis de R$ 20 bi|0|ptbr|b3
Ibovespa fecha em alta pela 6ª vez consecutiva|2|ptbr|b3
Moraes proíbe bloqueio de vias em atos; mercado aguarda medidas econômicas|1|ptbr|b3
Aposta esportiva não é investimento! Entenda em 1 minuto o porquê|0|ptbr|b3
Black Friday fraca e inflação alta puxam varejo para o negativo em novembro|0|ptbr|b3
Mercado financeiro e Morning Call Safra: varejo e novos ataques estão no radar no Brasil, em meio a exterior positivo|2|ptbr|b3
Ibovespa B3 sobe 1,55% e fecha 5º pregão consecutivo em alta|2|ptbr|b3
Como o capital estrangeiro pode afetar o mercado do Brasil?|1|ptbr|b3
Senado aprova intervenção no DF; mercado opera estável após desmobilização de atos|1|ptbr|b3
Inflação encerra 2022 acumulada em 5,79%; alimentação é a vilã|0|ptbr|b3
Mercado financeiro hoje: ambiente mais tranquilo após a ofensiva dos Três Poderes|2|ptbr|b3
Mercado tem dia instável com ataques em Brasília, mas fecha no azul|1|ptbr|b3
Presidentes dos Três Poderes chamam atos de golpistas e pregam união|1|ptbr|b3
Ataques em Brasília trazem incertezas e volatilidade para o mercado brasileiro|0|ptbr|b3
Economia em 2023: o que podemos esperar?|1|ptbr|b3
Focus: estimativa de inflação para 2023 volta a subir|0|ptbr|b3
Mercado financeiro: reação à ofensiva dos 3 Poderes aos ataques antidemocráticos|1|ptbr|b3
Bolsa avança e dólar fecha em forte queda com exterior e reunião ministerial|2|ptbr|b3
Criação de vagas nos EUA vem acima do esperado; desemprego cai|2|ptbr|b3
Lula prega harmonia com o Congresso na 1ª reunião ministerial|1|ptbr|b3
Veja quem são os bilionários brasileiros neste começo de 2023|1|ptbr|b3
Mercado financeiro hoje: primeira reunião ministerial do Governo Lula|1|ptbr|b3
Ibovespa volta a avançar impulsionado por bancos e Petrobras|2|ptbr|b3
Agenda de dividendos: conheça as ações que pagam proventos em janeiro|2|ptbr|b3
Indústria volta a recuar em novembro; governo fala em retomar protagonismo do setor|0|ptbr|b3
Mercado financeiro hoje: exterior com pouco fôlego; Brasil atento à posse de Tebet|1|ptbr|b3
Petrobras impulsiona Ibovespa que fecha no positivo após Prates descartar intervenção|2|ptbr|b3
Ata do FED sinaliza mais aumentos de juros com inflação persistente nos EUA|0|ptbr|b3
Entenda as mudanças na Petrobras e o impacto das desonerações|1|ptbr|b3
3 fatos para hoje: CEO da Petrobras renuncia; Eletrobras recompra ações|1|ptbr|b3
Mercado financeiro hoje: ata do Fed é foco em dia de cautela no Brasil|1|ptbr|b3
Ibovespa volta a fechar em forte queda com risco fiscal no radar|0|ptbr|b3
Haddad deve apresentar plano de voo para a economia nesta semana|1|ptbr|b3
Mercado financeiro hoje: 1ª entrevista de Haddad como ministro|1|ptbr|b3
Ibovespa tem forte queda com sinalizações do novo governo|0|ptbr|b3
Nova carteira do Ibovespa B3 tem 88 papéis; Positivo e IRB Brasil saem|2|ptbr|b3
Equilibro fiscal e empregos de qualidade são grandes desafios de Lula na economia|1|ptbr|b3
Pesquisa da Febraban aponta que mercado de crédito deve crescer 8,2% em 2023|2|ptbr|b3
Resultado do Ibovespa em 2022 é o 5º melhor entre 46 índices pelo mundo|2|ptbr|b3
O que faz um ministro da fazenda?|1|ptbr|b3
Descontrole fiscal é o principal obstáculo para o crescimento da economia brasileira|0|ptbr|b3
Mercado financeiro hoje: impacto sobre as primeiras decisões de Lula|1|ptbr|b3
Novas regras do PIX começam a valer nesta segunda; entenda as mudanças|1|ptbr|b3
Lula indica o senador Jean Paul Prates para presidência da Petrobras|1|ptbr|b3
Haddad confirma Rita Serrano no comando da Caixa e Tarciana Medeiros no BB|1|ptbr|b3
Mercado global em 2022: uma retrospectiva|1|ptbr|b3
Ibovespa tem queda no último pregão do ano, mas fecha 2022 no azul|1|ptbr|b3
Flash InvestNews: O que fez o IGP-M ficar abaixo das expectativas do mercado?|1|ptbr|b3
Presidente eleito anuncia últimos 16 ministros do novo governo|1|ptbr|b3
O que os investidores devem esperar de 2023?|1|ptbr|b3
Receita paga hoje R$ 903 milhões em restituição de Imposto de Renda|2|ptbr|b3
Mercado financeiro hoje: anúncio de novos ministros|1|ptbr|b3
Ibovespa tem forte alta com decisão do novo governo sobre combustíveis|2|ptbr|b3
Sinqia: “Setor de tecnologia permite que pessoas invistam nas empresas com as quais se identificam”|2|ptbr|b3
Mercado financeiro hoje: Caged e números do Governo Central de novembro|1|ptbr|b3
Marco Legal dos Criptoativos: o que muda para quem investe?|1|ptbr|b3
Tesouro Renda +: conheça o novo título do Tesouro Direto|1|ptbr|b3
11 dicas de séries, podcasts, filmes e livros sobre investimentos para voar em 2023|1|ptbr|b3
Mercado financeiro hoje: otimismo com China, expectativa com futuro governo no Brasil|2|ptbr|b3
Ibovespa fecha em baixa com cenário externo pouco movimentado|0|ptbr|b3
Focus: mercado reduz inflação em 2022, mas sobe previsão para 2023 e 2024|1|ptbr|b3
Mercado financeiro hoje: agenda fraca em semana de feriado|1|ptbr|b3
B3 Bora Investir fecha o ano com 3 parceiros de conteúdos e 1º colunista|1|ptbr|b3
Ibovespa fecha em alta em sessão de menor liquidez às vésperas do Natal|2|ptbr|b3
Prévia da inflação fecha o ano em 5,90% puxada por alimentos|0|ptbr|b3
Mercado hoje e Morning Call Safra: dia de IPCA-15 no Brasil e PCE nos EUA|1|ptbr|b3
Ibovespa fecha próximo da estabilidade com anúncio de ministros|1|ptbr|b3
Haddad anuncia novos integrantes da equipe econômica; veja lista|1|ptbr|b3
Lula anuncia 16 novos ministros: conheça os indicados|1|ptbr|b3
Retrospectiva 2022: juros, inflação e descontrole nos gastos marcam ano|0|ptbr|b3
Renda fixa será uma das grandes estrelas dos investimentos em 2023|2|ptbr|b3
Mercado Financeiro hoje: nomes do futuro governo e PIB dos EUA|1|ptbr|b3
Ibovespa fecha em alta em dia de aprovação da PEC da Transição em 2º turno|2|ptbr|b3
Arthur Vieira de Moraes é o primeiro colunista do B3 Bora Investir|1|ptbr|b3
Arrecadação federal em novembro é a maior em quase uma década|2|ptbr|b3
Flash InvestNews: Elon Musk vai deixar comando do Twitter|1|ptbr|b3
Poupança volta a ter rendimento real após três anos – mas TD ainda rende o dobro|2|ptbr|b3
Congresso deve encerrar hoje votação da Pec da Transição|1|ptbr|b3
Mercado financeiro hoje: votação da PEC na Câmara em 2º turno|1|ptbr|b3
Bolsa fecha no azul pelo segundo dia com PEC da Transição desidratada|2|ptbr|b3
Como juntar R$ 100 mil na renda fixa, sem fórmulas mirabolantes?|1|ptbr|b3
Flash InvestNews: Aliansce Sonae e brMalls vão se unir em janeiro|2|ptbr|b3
Aegea vence leilão e arremata estatal gaúcha de saneamento Corsan|2|ptbr|b3
Inflação do Natal: conheça os itens que mais impactam na ceia e nos presentes|1|ptbr|b3
Mercado e Morning Call Safra: risco de recessão e PEC em destaque|0|ptbr|b3
Ibovespa fecha em forte alta com decisões do STF|2|ptbr|b3
Flash InvestNews: Oncoclínicas e Porto Serviços criam joint venture|1|ptbr|b3
Focus: mercado vê juros mais altos em 2024; e revisa inflação para 2023|1|ptbr|b3
Mercado financeiro hoje: Bolsa família fora do teto, PEC e Orçamento Secreto|1|ptbr|b3
Estresse global e incertezas políticas derrubam Ibovespa|0|ptbr|b3
Qual a probabilidade de acertar a Mega da Virada e ganhar uma bolada?|1|ptbr|b3
Ibovespa em queda com aversão ao risco em NY e indefinição no Brasil|0|ptbr|b3
Entenda o ano conturbado de Elon Musk à frente do Twitter|1|ptbr|b3
Flash InvestNews: Câmara dos Deputados adia votação da PEC da Transição|1|ptbr|b3
Inflação na Europa recua em novembro, mas segue a maior em décadas|1|ptbr|b3
Mercado financeiro e Morning Call Safra: exterior mostra aversão ao risco|0|ptbr|b3
Ibovespa encerra estável com Lei das Estatais parada no Senado|1|ptbr|b3
Bancos centrais europeus voltam a subir juros e sinalizam novas altas|2|ptbr|b3
Boca Rosa: demorei a entender que o dinheiro não era um vilão|1|ptbr|b3
BC projeta PIB maior neste ano, mas alerta para incertezas em 2023|1|ptbr|b3
Mercado financeiro e Morning Call Safra: dia de relatório trimestral de inflação|1|ptbr|b3
Ibovespa tem sessão volátil, mas fecha no positivo com decisão do Fed|2|ptbr|b3
Indicações na equipe econômica e mudança na Lei das Estatais afetam o mercado|1|ptbr|b3
Prévia do PIB cai em outubro e marca terceiro mês seguido sem crescimento|0|ptbr|b3
Mercado e Morning Call Safra: espera por decisão sobre juros americanos|1|ptbr|b3
Ibovespa fecha em queda de 1,71% com anúncio de Mercadante no BNDES|0|ptbr|b3
Como a flexibilização da política de Covid-Zero na China ajuda o Brasil|2|ptbr|b3
Setor de serviços cai em outubro, após recorde no mês anterior|0|ptbr|b3
Copom: impacto das incertezas fiscais na inflação preocupa BC|0|ptbr|b3
Como a crise da FTX está abalando o mundo das criptomoedas|0|ptbr|b3
Mercado e Morning Call Safra: expectativas sobre inflação ao consumidor nos EUA e Alemanha|1|ptbr|b3
Ibovespa fecha em forte queda com receios sobre a equipe econômica|0|ptbr|b3
Mercado financeiro reduz estimativa de inflação para 2022|2|ptbr|b3
Mercado Financeiro: à espera das decisões sobre juros nos EUA|1|ptbr|b3
Ibovespa fecha em alta puxada por commodities em dia de anúncio de novos ministros|2|ptbr|b3
Quem são os 5 ministros já anunciados pelo novo governo Lula|1|ptbr|b3
Combustíveis voltam a impactar a inflação que avançou em novembro|0|ptbr|b3
Brasil x Croácia: confronto mais equilibrado na economia que no futebol|1|ptbr|b3
Mercado hoje e Morning Call Safra: anúncio de ministros e IPCA|1|ptbr|b3
Ibovespa volta a fechar em queda com questão fiscal no radar|0|ptbr|b3
Brasil segue líder do ranking mundial de juros reais|2|ptbr|b3
Vendas do varejo avançam em outubro, mas ritmo desacelera|1|ptbr|b3
Mercado Financeiro e Morning Call Safra: moderação com PEC e Copom|1|ptbr|b3
Copom mantém taxa básica de juros em 13,75% ao ano|1|ptbr|b3
Vale pressiona o Ibovespa que fecha em queda à espera do Copom e PEC|0|ptbr|b3
Copom deve manter Selic em 13,75%; saiba o que esperar do último encontro do ano|1|ptbr|b3
Flash InvestNews: o que fez os dados comerciais da China terem a maior queda em 2 anos?|0|ptbr|b3
Conheça os principais pontos da Pec da Transição aprovada na CCJ; Senado vota hoje|1|ptbr|b3
Mercado e Morning Call Safra: votação da PEC da Transição e Copom no radar|1|ptbr|b3
Ibovespa fecha em leve alta com PEC da Transição no radar e piora no exterior|1|ptbr|b3
Nubank anuncia capitalização de US$ 330 milhões na sua operação no México|2|ptbr|b3
Entenda o que está em jogo na ‘Pec da Transição’; relator já apresentou mudanças|1|ptbr|b3
Mercado financeiro hoje: apresentação da PEC no Senado|1|ptbr|b3
Ibovespa fecha em baixa à medida que PEC da Transição avança no Congresso|0|ptbr|b3
China flexibiliza política de ‘Covid zero’ e impulsiona commodities|2|ptbr|b3
Brasil x Coreia do Sul: adversário tem vantagens em indicadores econômicos|0|ptbr|b3
Mercado eleva expectativa para o PIB em 2022; inflação também avança|2|ptbr|b3
Mercado financeiro hoje: semana de Copom e PEC no Brasil|1|ptbr|b3
Ibovespa fecha a semana em alta com dia de pouco negócios|2|ptbr|b3
EUA criam mais empregos que o esperado e mantém pressão sobre o Fed|2|ptbr|b3
Indústria cresce 0,3% em outubro, mas não compensa dois meses anteriores de perdas|1|ptbr|b3
Novo curso da B3 explica por que ETF é o camisa 11 do mercado|2|ptbr|b3
Brasil x Camarões põe frente a frente economias muito diferentes|1|ptbr|b3
Mercado e Morning Call Safra: exterior mostra cautela antes de payroll|1|ptbr|b3
Ibovespa volta a recuar pressionado por PIB fraco e discussão fiscal|0|ptbr|b3
CDB, LCI, CRA: escolha o melhor investimento de renda fixa|1|ptbr|b3
Inflação ao consumidor nos EUA vem abaixo do esperado em outubro|1|ptbr|b3
Conheça os principais pontos do plano estratégico da Petrobras para 2023-2027|1|ptbr|b3
Saiba quais foram as empresas mais lucrativas até setembro de 2022|2|ptbr|b3
PIB varia 0,4% no terceiro trimestre de 2022, diz IBGE|1|ptbr|b3
Mercado Financeiro e Morning Call Safra: PIB do Brasil e inflação ao consumidor dos EUA|1|ptbr|b3
Ibovespa fecha em alta com cenário de moderação no ritmo dos juros nos EUA|2|ptbr|b3
PIB dos Estados Unidos interrompe queda e cresce 2,9% no 3° trimestre|2|ptbr|b3
Curiosidades econômicas sobre quatro países com seleções na Copa do Catar|1|ptbr|b3
Desemprego cai para 8,3% entre agosto e outubro, mas informalidade é recorde|1|ptbr|b3
Mercado hoje e Morning Call Safra: China sustenta bom humor antes de Powell|2|ptbr|b3
Bolsa fecha no positivo com alta das commodities e expectativa de PEC desidratada|2|ptbr|b3
Brasil abre 159 mil empregos formais em outubro, abaixo do esperado|1|ptbr|b3
IGP-M: inflação do aluguel fica no negativo pelo quarto mês seguido|0|ptbr|b3
Mercado financeiro e Morning Call Safra: nova variante do Coronavírus preocupa|0|ptbr|b3
Ibovespa fecha próximo da estabilidade com protestos na China e ‘Black Friday’ ruim|0|ptbr|b3
Flash InvestNews: Lula está em Brasília para negociações|1|ptbr|b3
Juro bancário médio avança para o maior patamar em 5 anos|0|ptbr|b3
Brasil x Suíça: confronto expõe diferenças econômicas e sociais|1|ptbr|b3
Vitória x derrota do Brasil na Copa: a reação das pessoas na bolsa em 2018|1|ptbr|b3
Focus: expectativa de inflação volta a subir em 2022|0|ptbr|b3
Mercado financeiro hoje: protestos na China contra os lockdowns preocupam mercados|0|ptbr|b3
Bolsa cai e dólar vai a R$ 5,41 com falta de sinais claros sobre controle de gastos|0|ptbr|b3
China: casos de Covid-19 voltam a subir e governo aumenta estímulos a economia|1|ptbr|b3
Brasil tem rombo nas contas externas, mas investimento direto é o maior em 8 anos|1|ptbr|b3
Mercado financeiro hoje: negociações da PEC seguem no radar|1|ptbr|b3
Ibovespa fecha em forte alta com especulações sobre equipe econômica no radar|2|ptbr|b3
Aperto monetário deve continuar na Zona do Euro, diz ata do BCE|0|ptbr|b3
IPCA-15 avança 0,53% em novembro puxado por alimentos; gasolina volta a subir|1|ptbr|b3
Brasil x Sérvia na Copa do Mundo: rivais no jogo fazem confronto equilibrado na economia|1|ptbr|b3
Mercado financeiro hoje: prévia da inflação e confiança do consumidor local no foco|1|ptbr|b3
Fed indica ritmo menor de alta dos juros nos EUA; Ibovespa reduz perdas, mas fecha no negativo|0|ptbr|b3
Expectativa de sinais sobre desaceleração dos juros nos EUA pauta mercado|1|ptbr|b3
BID: como surgiu e o que faz o Banco Interamericano de Desenvolvimento|1|ptbr|b3
Flash InvestNews: por que a Eletrobras quer reajustar remuneração do conselho após privatização?|1|ptbr|b3
Mercado e Morning Call Safra: indicadores dos EUA e PEC da transição no Senado|1|ptbr|b3
Ibovespa volta a fechar em baixa com noticiário político no radar|0|ptbr|b3
Como funcionam as estatais – e como elas se saíram na bolsa até agora|1|ptbr|b3
Entenda a queda das ações da Petrobras em meio às incertezas sobre futuro|0|ptbr|b3
Black Friday: dicas para garantir a segurança nas compras online|1|ptbr|b3
Entenda por que a OCDE prevê PIB forte para o Brasil em 2022 e desaceleração em 2023|1|ptbr|b3
Flash InvestNews: CSN tem alta após aprovação de dividendos|2|ptbr|b3
Diversidade e inclusão nas empresas é uma realidade, mas ainda precisa avançar|1|ptbr|b3
Mercado e Morning Call Safra: expectativa sobre PEC de transição no Brasil|1|ptbr|b3
Bolsa fecha em alta com dia positivo para ações locais, mas China preocupa|2|ptbr|b3
Confira o desempenho das 24 maiores construtoras do país no 3º tri|1|ptbr|b3
Responsabilidade fiscal: como funciona e por que tem a ver com o seu bolso|1|ptbr|b3
Quem é llan Goldfajn, o primeiro economista brasileiro no comando do BID|1|ptbr|b3
Flash InvestNews: Paraná pretende deixar controle da Copel via oferta de ações|1|ptbr|b3
Mercado eleva estimativa de inflação e juros para 2023|0|ptbr|b3
Número de investidores na B3 cresce mesmo em cenário de volatilidade|2|ptbr|b3
Mercado financeiro hoje: transição no Brasil e covid na China|1|ptbr|b3
Mercado tem semana de fortes perdas com incertezas fiscais no centro das discussões|0|ptbr|b3
Presidente do BC diz que é preciso convergência entre fiscal e monetário|1|ptbr|b3
Pix faz 2 anos e deve ganhar função débito automático em breve|2|ptbr|b3
Elon Musk “enterra” Twitter e mundo se pergunta: será o fim?|0|ptbr|b3
Teto de gastos: o que é e como afeta a economia do Brasil|1|ptbr|b3
Flash InvestNews: o que esperar da fusão de Aliansce e BrMalls|1|ptbr|b3
8 mitos e verdades sobre a economia do Brasil em época de Copa do Mundo|1|ptbr|b3
Mercado e Morning Calll Safra: alívio externo pode equilibrar perspectivas internas|1|ptbr|b3
Ibovespa fecha mais um dia em queda com transição de governo no foco|0|ptbr|b3
Questões climáticas: pontos positivos e negativos para a economia do Brasil|1|ptbr|b3
2,6 milhões de brasileiros estão há mais de dois anos sem trabalhar|0|ptbr|b3
Entenda a PEC da Transição que voltou a mexer com os mercados|1|ptbr|b3
Ticker: como nasce o código das empresas listadas na B3?|1|ptbr|b3
Mercado financeiro hoje: dólar e juros sobem por tensão fiscal com PEC|0|ptbr|b3
Ibovespa despenca 2,58% com PEC da Transição|0|ptbr|b3
Veja quais empresas tiveram os maiores lucros no 3º trimestre|2|ptbr|b3
COP 27: Lula fala em desigualdades, cobra países ricos e promete desmatamento zero até 2030|1|ptbr|b3
​Recorde de inflação na Inglaterra; nos EUA varejo avança e indústria cai|0|ptbr|b3
Flash InvestNews: Nubank registra lucro no 3º trimestre|2|ptbr|b3
Mercado financeiro hoje: pronunciamento de Lula e PEC ficam no foco|1|ptbr|b3
Ibovespa fecha em alta na véspera do feriado|2|ptbr|b3
Entenda as semanas conturbadas da gestão Musk à frente do Twitter|1|ptbr|b3
10 ETFs sustentáveis para você diversificar a sua carteira|2|ptbr|b3
Prévia do PIB avança no 3º tri e marca maior expansão desde o fim de 2020|2|ptbr|b3
Mercado financeiro e Morning Call Safra: IBC-BR, Boletim Focus e cúpula do G20|1|ptbr|b3
Ibovespa fecha em alta um dia após maior tombo em quase um ano|2|ptbr|b3
Setor de serviços bate recorde e marca recuperação da economia|2|ptbr|b3
Balanços corporativos: confira os altos e baixos da semana|1|ptbr|b3
Flash InvestNews: Magazine Luiza, Via e Americanas têm prejuízo no 3º trimestre|0|ptbr|b3
COP 27: momento decisivo no combate ao aquecimento global|2|ptbr|b3
Mercado financeiro e Morning Call Safra: PEC da transição e reabertura da China|1|ptbr|b3
Inflação nos EUA sobe em outubro, mas fica abaixo do esperado|1|ptbr|b3
IPCA: inflação volta a subir puxada pela escalada no preço dos alimentos|0|ptbr|b3
Banco do Brasil tem lucro recorde de R$ 8,4 bilhões|2|ptbr|b3
Mercado e Morning Call Safra: IPCA, CPI dos EUA e dirigentes dos BCs|1|ptbr|b3
Gustavo Cerbasi: educação financeira é força transformadora da sociedade|2|ptbr|b3
Eleição americana e covid na China afetam mercado internacional|0|ptbr|b3
Quem são os quatro economistas da equipe de transição do governo Lula|1|ptbr|b3
O que é e como funciona a privatização de uma empresa|1|ptbr|b3
Inadimplência aumenta e lucro do Bradesco cai 23% no terceiro trimestre|0|ptbr|b3
Mercado Financeiro e Morning Call Safra: transição de governo e balanços|1|ptbr|b3
Mercado internacional avança em dia de eleição nos EUA|2|ptbr|b3
Quanto a seleção brasileira que jogará na Copa valeria se fosse uma empresa na Bolsa?|1|ptbr|b3
Flash InvestNews: por que ações da CSN Mineração estão subindo mais de 7%?|2|ptbr|b3
Ministro do TCU afirma não haver razão para suspender dividendos da Petrobras|2|ptbr|b3
Por que investir em ESG e como fazer isso?|2|ptbr|b3
Mercado financeiro hoje e Morning Call Safra: IGP-DI e eleições nos EUA|1|ptbr|b3
“A humanidade tem uma escolha: cooperar ou morrer”, diz secretário-geral da ONU na COP 27|1|ptbr|b3
China não deve abandonar, por enquanto, política de ‘covid-zero’|1|ptbr|b3
Mercado financeiro sobe estimativa de inflação em 2022|0|ptbr|b3
Bolsa começa hoje a operar com 1h extra, das 10h às 18h|1|ptbr|b3
Mercado e Morning Call Safra hoje: PEC da Transição no centro das atenções|1|ptbr|b3
COP 27: o que é a Conferência e os desafios que ela traz ao Brasil|1|ptbr|b3
China avalia flexibilizar restrições à Covid; mercado reage com otimismo|2|ptbr|b3
EUA criam vagas de trabalho em outubro, mas ritmo desacelera|1|ptbr|b3
Lucro da Petrobras avança, mas investidor opera com cautela|1|ptbr|b3
Mercado e Morning Call Safra: de olho no relatório de emprego dos EUA|1|ptbr|b3
Inglaterra sobe juros e coloca recessão mundial no radar dos investidores|0|ptbr|b3
Sheik dos Bitcoins é preso novamente pela Polícia Federal|0|ptbr|b3
Fed sobe juros e mercado brasileiro abre a quinta-feira em baixa|0|ptbr|b3
Mercado e Morning Call Safra: juros nos EUA e transição de governo no Brasil|1|ptbr|b3
Como investir no mercado imobiliário? Conheça algumas opções|1|ptbr|b3
Ibovespa avança em dia de noticiário político agitado|2|ptbr|b3
Ata do Copom: incertezas fiscais podem elevar expectativas de inflação|0|ptbr|b3
As 20 empresas de capital aberto mais rentáveis do Brasil até outubro|2|ptbr|b3
Flash InvestNews: lucro da CSN tem queda de 82% no 3º trimestre|0|ptbr|b3
Mercado e Morning Call Safra: ata do Copom e transição de governo|1|ptbr|b3
Ibovespa sobe e dólar cai com expectativas sobre o governo Lula|2|ptbr|b3
Crise Econômica na Argentina: 5 fatos para entendê-la|0|ptbr|b3
Receita paga hoje restituições de lote residual do Imposto de Renda|1|ptbr|b3
Mercado Financeiro opera instável após vitória de Lula|0|ptbr|b3
Mercado Financeiro e Morning Call Safra: impacto da vitória de Lula|1|ptbr|b3
Como os astros da Copa do Mundo investem seu dinheiro|1|ptbr|b3
Índice Geral de Preços – Mercado cai 0,97% em outubro, diz FGV|0|ptbr|b3
Flash InvestNews: o que esperar após Musk concluir compra do Twitter?|1|ptbr|b3
O que é Open Finance? Conheça as vantagens e desvantagens|1|ptbr|b3
Mercado e Morning Call Safra: indicadores de inflação Brasil, EUA e Alemanha|1|ptbr|b3
Flash InvestNews: balanço da Ambev no 3º tri surpreende acima das expectativas|2|ptbr|b3
Como ficam os investimentos de renda fixa com a Selic a 13,75%|1|ptbr|b3
Copom mantém taxa Selic em 13,75% ao ano|1|ptbr|b3
7 curiosidades sobre o Catar, país sede da Copa do Mundo 2022|1|ptbr|b3
Black Friday: o que esperar da edição de 2022?|1|ptbr|b3
Flash InvestNews: por que o balanço do Santander Brasil decepcionou?|0|ptbr|b3
Maioria dos reajustes salariais em setembro repôs inflação|1|ptbr|b3
Como declarar lucro com debêntures no IR|1|ptbr|b3
Flash InvestNews: IRB tem prejuízo e ação chega a cair abaixo de R$ 1|0|ptbr|b3
Mercado e Morning Call Safra: de olho no Copom e no desenrolar das eleições|1|ptbr|b3
Flash InvestNews: por que o balanço do Assaí no 3º tri superou expectativas?|2|ptbr|b3
Flash InvestNews: receita da Tesla no 3º trimestre fica abaixo do esperado|0|ptbr|b3
Mercado Financeiro e Morning Call Safra: renúncia da primeira-ministra britânica|0|ptbr|b3
Flash InvestNews: ação da Netflix salta 15% após balanço do 3º trimestre|2|ptbr|b3
Empréstimo no Imposto de Renda: devo declarar?|1|ptbr|b3
Mercado e Morning Call Safra: dólar em leilão no Brasil, Livro Bege nos EUA|1|ptbr|b3
Flash InvestNews: ação da Natura dispara com avaliação de IPO ou cisão da Aesop|2|ptbr|b3
Flash InvestNews: ‘Prévia do PIB’ cai mais do que o esperado em agosto|0|ptbr|b3
Mercado Financeiro Hoje e Morning Call Safra: radar estará nos índices externos|1|ptbr|b3
Flash InvestNews: Setor de serviços tem 4ª alta seguida|2|ptbr|b3
7 curiosidades sobre a história do Dinheiro no mundo|1|ptbr|b3
Flash InvestNews: Inflação americana sobe acima da projeção de economistas|0|ptbr|b3
Mercado Financeiro e Morning Call Safra: foco no mercado consumidor americano|1|ptbr|b3
5 dicas para ajudar seu filho a começar a investir|2|ptbr|b3
Índice oficial de inflação registra queda de 0,29% em setembro|2|ptbr|b3
Singu, a startup que está revolucionando o futuro financeiro das profissionais da Beleza|2|ptbr|b3
Flash InvestNews: o que esperar da taxa de juros nos EUA?|1|ptbr|b3
8 cursos gratuitos sobre finanças para você começar a investir|2|ptbr|b3
Mercado financeiro e Morning Call Safra: payroll nos EUA e destaque das estatais no Brasil|1|ptbr|b3
Mercado e Morning Call Safra: libra em queda, Petrobrás em alta|1|ptbr|b3
Flash InvestNews: ações da Hapvida caem após desistir da aquisição da Plamed|0|ptbr|b3
Mercado e Morning Call Safra: possível queda da produção de petróleo|0|ptbr|b3
Flash InvestNews: TIM, Vivo e Claro são intimadas pela Justiça|0|ptbr|b3
Como fica o funcionamento da Bolsa na Copa do Mundo e feriados nacionais|1|ptbr|b3
Mercado financeiro hoje e Morning Call Safra: Fed, Lagarde e Auxílio Brasil em foco|1|ptbr|b3
Semana do investidor: 8 conteúdos para realizar sonhos|2|ptbr|b3
O que esperar do Brasil pós-eleição? Economistas respondem|1|ptbr|b3
Flash InvestNews: Justiça aceita recuperação judicial da Rossi|1|ptbr|b3
Mercado financeiro hoje: desemprego e pré-eleições|1|ptbr|b3
A Grana do Vizinho: conheça o simulador que ajuda investidores iniciantes|2|ptbr|b3
Futuro de milho: novo índice acompanha o desempenho da commodity|1|ptbr|b3
Mega-Sena acumulada: quanto renderia na Poupança, Tesouro Direto e outros|1|ptbr|b3
Quais são os sinais de uma recessão mundial?|0|ptbr|b3
Inflação controlada: como os Bancos Centrais definem a taxa de juros?|1|ptbr|b3
Federer: aposentadoria aos 41 anos e fortuna de US$ 900 milhões|2|ptbr|b3
Escassez financeira leva à diminuição da capacidade cognitiva, apontam estudos|1|ptbr|b3
Como as finanças descentralizadas estão mudando a economia|2|ptbr|b3
Mercado de carbono em evolução no Brasil traz oportunidades de investimentos|2|ptbr|b3
Criptomoedas: número mundial de usuários pode ser dez vezes maior até 2030|2|ptbr|b3
Mercado financeiro hoje: juros e dólar em queda|2|ptbr|b3
Taxa Selic em 13,75% ao ano: o que isso tem a ver com seus investimentos?|1|ptbr|b3
Como as carteiras se diversificam no atual cenário de incertezas?|1|ptbr|b3
Flash InvestNews: BK Brasil recusa nova oferta de compra do Mubadala|1|ptbr|b3
Cannabis, games, millennials…conheça os ETFs diferentões do mercado|1|ptbr|b3
ICBIO B3: conheça o novo índice da bolsa|1|ptbr|b3
Finanças do casal: como falar de dinheiro no relacionamento|1|ptbr|b3
Como a família real britânica ganha dinheiro?|1|ptbr|b3
Quer ir ao Lollapalooza? Veja como se planejar financeiramente para o festival|1|ptbr|b3
Luiz Fernando Figueiredo: “O Brasil tem a vantagem de não temer a inflação”|2|ptbr|b3
Mega-Sena acumulada: como seria viver da renda de R$ 125 milhões|2|ptbr|b3
Nubank sai da Bolsa? O que vai acontecer com os BDRs do banco digital|1|ptbr|b3
Por que uma empresa muda seu ticker?|1|ptbr|b3
Flash InvestNews: Ether cai após atualização da blockchain|0|ptbr|b3
Volume de serviços cresce e indica recuperação da economia|2|ptbr|b3
IBC-Br: como funciona esse indicador da economia brasileira?|1|ptbr|b3
Vendas no varejo: entenda o dado e quem ele influencia na B3|1|ptbr|b3
Quanto o valor de um novo IPhone renderia se fosse investido|1|ptbr|b3
Petrobras reduz preço do gás de cozinha para distribuidoras|2|ptbr|b3
BlackRock: não estar investindo pode ser mais arriscado do que estar|2|ptbr|b3
Balanço de empresa: como analisar o documento para investir melhor? Veja aqui!|1|ptbr|b3
Criptomoedas: tudo o que você precisa saber sobre elas|1|ptbr|b3
Depósitos futuros no FGTS poderão ser usados para compra de casa|2|ptbr|b3
Crise de Energia na Europa é sinal de recessão mundial?|0|ptbr|b3
Alexandre Lafer: “Acreditamos em imóveis como fator de mudança social”|1|ptbr|b3
O que é Sistema Financeiro Nacional (SFN)?|1|ptbr|b3
iPhone 14: como os lançamentos de aparelho mexem com as ações da Apple?|1|ptbr|b3
O dia no mercado: Juros mais altos no mundo todo?|1|ptbr|b3
Orçamento apertado? Ainda assim classes C, D e E conseguem poupar|2|ptbr|b3
Megatendências: o que são e como podem chegar à sua carteira|1|ptbr|b3
Tesouro Direto ou Previdência Privada: qual a melhor opção para planejar a aposentadoria?|1|ptbr|b3
Influenciadores de finanças responsáveis são importantes, diz presidente da CVM|2|ptbr|b3
PIB do Brasil cresce 1,2% no segundo trimestre|2|ptbr|b3
Equilíbrio fiscal: o que é e por que é tão importante para os seus investimentos|2|ptbr|b3
Hora de investir? Número de novos investidores continua subindo na bolsa|2|ptbr|b3
3tentos: abertura de capital impulsiona práticas sustentáveis|2|ptbr|b3
Caged: o que você precisa saber sobre o indicador de desemprego|1|ptbr|b3
O que é o Relatório Focus e para que serve?|1|ptbr|b3
Como o investimento estrangeiro direto no Brasil afeta o seu bolso|1|ptbr|b3
Flash InvestNews: PIB dos EUA é revisado para cima no 2º tri; IRB Brasil oferta ações|2|ptbr|b3
Por que imprimir mais dinheiro não acaba com a crise|1|ptbr|b3
Flash InvestNews: Por que a Petrobras se tornou líder global das maiores pagadoras de dividendos?|2|ptbr|b3
IPCA-15 cai puxado por combustíveis|2|ptbr|b3
“ESG é um círculo virtuoso onde todos ganham”, diz presidente da B3|2|ptbr|b3
ESG: “Juntos, os investidores são capazes de provocar mudanças”|2|ptbr|b3
Deu ruim! Influenciadores contam erros de quando começaram a investir|0|ptbr|b3
Sinal amarelo na atividade econômica mundial|0|ptbr|b3
Por que a alta do IBC-Br é importante?|1|ptbr|b3
Flash InvestNews: Por que a Americanas está disparando mais de 18%? Entenda|2|ptbr|b3
Empresas e setores que mais pagaram dividendos nos últimos anos|1|ptbr|b3
Mais de um milhão de mulheres investem na bolsa de valores|1|ptbr|b3
Confira o calendário de dividendos de agosto|1|ptbr|b3
O que é e como a Lei das S.A. busca proteger os acionistas minoritários?|1|ptbr|b3
Como se proteger dos esquemas de pirâmide financeira? Confira|1|ptbr|b3
Tenho preguiça de investir. E agora?|1|ptbr|b3
Ibovespa B3: como é calculado e o que significa o principal indicador do mercado|1|ptbr|b3
CRI e CRA: saiba o que são e quando investir|1|ptbr|b3
Minicontratos: guia completo sobre esses ativos do mercado futuro|1|ptbr|b3
Quem é quem no mercado financeiro? Veja as principais nomenclaturas|1|ptbr|b3
Flash InvestNews: Em dia negativo, bitcoin cai 8% e volta aos US$ 21 mil|0|ptbr|b3
Flash InvestNews: conselho do Burger King Brasil rejeita oferta de compra do Mubadala|0|ptbr|b3
Flash InvestNews: Diretor-presidente da CCR renuncia ao cargo|0|ptbr|b3
Flash InvestNews: Nubank tem lucro ajustado de US$ 17 mi no 2º tri|2|ptbr|b3
Rachel Maia: investimentos e experiência de vida como pilares do sucesso|2|ptbr|b3
Flash InvestNews: Dados econômicos da China decepcionam|0|ptbr|b3
Vendas no varejo caíram em junho. Entenda o que isso significa|0|ptbr|b3
IPCA: o que significa a deflação de julho?|1|ptbr|b3
Apertem os cintos, os juros subiram – de novo|0|ptbr|b3
O que os juros mais altos nos EUA têm a ver com os seus investimentos?|1|ptbr|b3
Endividamento das famílias fica em 52,7% em março e tendência é aumentar|0|ptbr|b3
Juro do rotativo do cartão sobe em abril e chega a 364% ao ano|0|ptbr|b3
Meta tem queda anual inédita em receita|0|ptbr|b3
Inflação obrigou 7 em cada 10 brasileiros a cortarem itens de compra no mercado|0|ptbr|b3
Suzano registra lucro de R$ 182 milhões no 2º trimestre|2|ptbr|b3
Santander Brasil tem lucro de R$ 4,1 bi no 2º trimestre|2|ptbr|b3
Ambev tem lucro líquido ajustado de R$ 3,1 bi no 2º trimestre|2|ptbr|b3
IGP-M, a inflação do aluguel, desacelera em julho, diz FGV|1|ptbr|b3
PIB dos EUA encolhe no 2º trimestre e país entra em recessão técnica|0|ptbr|b3
Gol tem prejuízo líquido de R$ 2,85 bilhões no 2º trimestre|0|ptbr|b3
Inflação: o que é, como afeta seu bolso e como se proteger|1|ptbr|b3
Como gerar o DARF e quando emitir: tire todas suas dúvidas|1|ptbr|b3
COE: o que é, como funciona e principais vantagens|1|ptbr|b3
LIG: o que é e como investir em Letra Imobiliária Garantida|1|ptbr|b3
Como declarar IR de investimentos feitos no exterior?|1|ptbr|b3
Quais as diferenças entre renda fixa e variável? Entenda|1|ptbr|b3
Investimentos isentos de IR: quais são e como funcionam|1|ptbr|b3
