,text,label,lang,font
0,"Em surto nas redes, CEO da Hurb xinga clientes e faz ameaças após não emitir passagens",0,ptbr,google-news
1,"CEO da Hurb xinga cliente, expõe dados e faz ameaça",0,ptbr,google-news
2,"Devendo para hotéis de Gramado e Canela, CEO do Hurb xinga e expõe dados de clientes no WhatsApp",0,ptbr,google-news
3,"Calotes, ameaças e deboche: entenda a crise na Hurb (ex-Hotel Urbano)",0,ptbr,google-news
4,Mega-Sena acumula e deve pagar R$ 50 milhões no próximo concurso,1,ptbr,google-news
5,"Mega-Sena, concurso 2.585: ninguém acerta as seis dezenas, e prêmio vai a R$ 50 milhões",1,ptbr,google-news
6,Mega-Sena vai a R$ 50 milhões após concurso de hoje acumular; veja dezenas,1,ptbr,google-news
7,Mega-Sena 2585 SEM ganhadores; veja NÚMEROS sorteados e os VALORES para quina e quadra,1,ptbr,google-news
8,Qual é a empresa de tecidos brasileira que fechou acordo com a Shein?,1,ptbr,google-news
9,Alerta para NOVA MUDANÇA que vai afetar brasileiros que compram na SHEIN,1,ptbr,google-news
10,Presidente da Fiesp de São Paulo fecha parceria com a Shein,2,ptbr,google-news
11,Quer trabalhar na Shein? Fábrica da marca no Brasil vai gerar 100 mil empregos,2,ptbr,google-news
12,"Após 52 anos, por que a tradicional rede americana Bed Bath & Beyond faliu",0,ptbr,google-news
13,Varejista americana Bed Bath & Beyond entra com pedido de proteção contra credores e pode fechar as portas,0,ptbr,google-news
14,Bed Bath & Beyond entra com pedido de recuperação judicial nos EUA,1,ptbr,google-news
15,Varejista entra com pedido de recuperação judicial nos Estados Unidos,0,ptbr,google-news
16,FGTS pode ganhar correção de R$ 1.400 alegrando os trabalhadores,2,ptbr,google-news
17,Revisão do FGTS pode dar R$ 1.400 a mais em 10 anos para quem ganha o mínimo,2,ptbr,google-news
18,Justiça toma IMPORTANTE decisão sobre FGTS que afetará o trabalhador,1,ptbr,google-news
19,"Julgamento do Supremo sobre o FGTS: afinal, o que ficou decidido?",1,ptbr,google-news
20,IR 2023: quando vale parcelar o saldo devido no Imposto de Renda?,1,ptbr,google-news
21,Como RETIFICAR a declaração do Imposto de Renda 2023. Aprenda passo a passo da retificação,1,ptbr,google-news
22,Pensão alimentícia no Imposto de Renda: veja como fica a declaração em 2023,1,ptbr,google-news
23,Transações que podem entregar seu nome à Receita e levar à malha fina,1,ptbr,google-news
24,"NOVO CALENDÁRIO PIS 2023: R$ 1.302 do PIS 2023 será ANTECIPADO pela CAIXA para AMANHÃ, SEGUNDA (24) aos...",2,ptbr,google-news
25,Melhor notícia para brasileiros com carteira assinada é emitida em abril,2,ptbr,google-news
26,É possível sacar o PIS/Pasep fora da data prevista?,1,ptbr,google-news
27,NOVO CALENDÁRIO PIS 2023: PARCELA de R$ 1.302 do PIS 2023 será ANTECIPADA pela CAIXA para esta TERÇA-FE...,2,ptbr,google-news
28,"IPCA-15, inflação nos EUA, resultados da Vale (VALE3) e das “big techs”: o que acompanhar na semana",1,ptbr,google-news
29,Eventos que podem impactar a Bolsa nesta semana,1,ptbr,google-news
30,IPCA-15 e PIB nos EUA fecham abril; confira agenda da última semana do mês,1,ptbr,google-news
31,"Agenda econômica: Inflação nos Estados Unidos, balanços das big techs e temporada de resultados no Brasil são destaque nos próximos dias",1,ptbr,google-news
32,"Mercado não consegue dar benefício da dúvida ao novo arcabouço, diz Bráulio Borges",0,ptbr,google-news
33,Lula não consegue zerar o déficit primário sem arcabouço fiscal; veja as opções se proposta subir no telhado,0,ptbr,google-news
34,Arcabouço aposta no gasto em tempos de arrecadação boa e pedido de desculpas em tempos de crise no caixa,1,ptbr,google-news
35,Arcabouço fiscal para inglês ver,0,ptbr,google-news
36,Bombril (BOBR4): Acordo milionário reerguerá a queridinha do mercado?,2,ptbr,google-news
37,Bombril faz acordo milionário para pagar dívidas; empresa sairá da crise?,2,ptbr,google-news
38,"Uma das maiores empresas do Brasil, dona de marca famosa, entra em crise e vive situação dramática",0,ptbr,google-news
39,Bombril faz acordo milionário para pagar dívidas e tentar sair da lama,2,ptbr,google-news
40,"Remuneração do CEO do Google em 2022 é estimada em R$ 1,14 bilhão",1,ptbr,google-news
41,Remuneração do CEO do Google em 2022 é estimada em mais de R$ 1 bi,1,ptbr,google-news
42,CEO da Alphabet faturou mais de US$ 200 milhões em meio a cortes,0,ptbr,google-news
43,Quanto ganha o CEO do Google? Empresa mostrou seus números,1,ptbr,google-news
44,Mega-Sena: duas apostas de Pernambuco acertam a quina e levam mais de R$ 59 mil,1,ptbr,google-news
45,Mega-Sena: duas apostas do DF acertam a quina e faturam R$ 58 mil cada,1,ptbr,google-news
46,Morador de Curitiba acerta 5 números na Mega-Sena e leva quase R$ 60 mil,1,ptbr,google-news
47,Apostas de Goiás acertam cinco números da Mega-Sena e levam prêmio de R$ 58 mil,1,ptbr,google-news
48,Quer comprar um carro? Essa notícia pode fazer você mudar de ideia em instantes,0,ptbr,google-news
49,É melhor financiar ou assinar um carro zero?,1,ptbr,google-news
50,Qual vale a pena comprar: carro novo básico ou usado completão?,1,ptbr,google-news
51,"Toyota terá SUV compacto no país, modelo será híbrido flex",2,ptbr,google-news
52,Novo SUV híbrido nacional da Toyota será rival de Hyundai Creta e Chevrolet Tracker,2,ptbr,google-news
53,"Porsche Cayenne 2024, Novo SUV compacto Toyota,Nova picape Ram nacional Shineray Jet 50S,C3 Aircross",2,ptbr,google-news
54,Investimento da Toyota no Brasil: Nova produção de veículo híbrido e geração de empregos,2,ptbr,google-news
55,Aneel autoriza reajuste médio de 8% para tarifa de energia elétrica da Bahia,0,ptbr,google-news
56,"Energia mais cara: Quase 30 milhões de brasileiros vão ter reajuste de até 8,6% na conta de luz",0,ptbr,google-news
57,Conta de luz residencial sofre aumento de mais de 8% na Bahia - iBahia,0,ptbr,google-news
58,PÉSSIMA NOTÍCIA para quem paga conta de luz é divulgada e vai desagradar,0,ptbr,google-news
59,Nova linha de crédito ESPECIAL para quem é MEI,2,ptbr,google-news
60,BNDES libera mais de R$ 2 bilhões em crédito rural,2,ptbr,google-news
61,Nova linha de crédito para MEIs com benefícios vantajosos,2,ptbr,google-news
62,Grupo tem acesso a função ESPECIAL do Nubank; conheça a novidade,2,ptbr,google-news
63,Consignado do Nubank: como fazer a contratação pelo app?,1,ptbr,google-news
64,"Nubank possui excelente benefício para grande grupo de trabalhadores, mas poucos sabem",2,ptbr,google-news
65,Esse é o segredo para aumentar o limite do Nubank que ninguém te conta; confira essa dica,2,ptbr,google-news
66,"Tok&Stok: a poucos dias de fechar Vila Velha, só restaram as prateleiras",0,ptbr,google-news
67,"Falência da Tok&Stok é solicitada por consultoria devido a dívida de R$ 3,8 milhões",0,ptbr,google-news
68,"Falência: Loja amada de móveis, tradicional de roupas e até 2 bancos deixam consumidores apavorados",0,ptbr,google-news
69,Crise financeira: Tok&Stok vai fechar lojas pelo Brasil e faz liquidação de 50%,0,ptbr,google-news
70,Moradora do jardim Tropical leva a BMW X1 do Paraná Supermercados,2,ptbr,google-news
71,Moradora do bairro Santa Casa é a ganhadora do Fiat Mobi sorteado pelo Paraná Supermercados,2,ptbr,google-news
72,Edipo Pagotto ganha Mobi do Paraná Supermercado de Pitanga,2,ptbr,google-news
73,Moradora de Campo Mourão torna sonho realidade ao ganhar BMW de R$ 280 mil na promoção do Paraná Supermercados,2,ptbr,google-news
74,"Rede de farmácias do Brasil, anuncia falência e baixa as portas",0,ptbr,google-news
75,"Após 50 anos, rede de farmácias muito conhecida, anuncia falência no Brasil e baixa as portas oficialmente",0,ptbr,google-news
76,"Após 50 anos de funcionamento, rede de farmácias anuncia fechamento e demissão em massa",0,ptbr,google-news
77,"Após 50 anos, rede de farmácias muito conhecidas, anuncia falência ao Brasil e baixa as portas oficialmente",0,ptbr,google-news
78,Milho segue recuando na B3: Por quê?,0,ptbr,google-news
79,Preço futuro do milho cai mais de 20% e alcança mínima para setembro de 2023,0,ptbr,google-news
80,Soja fecha em queda na Bolsa de Chicago,0,ptbr,google-news
81,Instituto de Defesa do Consumidor alerta Nubank sobre segurança do app,0,ptbr,google-news
82,A situação preocupante que clientes do Nubank vem passando fez banco emitir comunicado IMPORTANTE,0,ptbr,google-news
83,Justiça determina que Nubank pague cliente vítima de golpe,0,ptbr,google-news
84,Nubank vai falir?: banco impulsiona alerta para clientes após polêmica,0,ptbr,google-news
85,Restituição do Imposto de Renda terá início em 31 de maio com grupos prioritários,2,ptbr,google-news
86,CRONOGRAMA LIBERADO! Receita Federal divulga ordem de pagamento da restituição,2,ptbr,google-news
87,Quer ter chance de receber a restituição do IR 2023 no 1º lote? Entregue a declaração até dia 10,2,ptbr,google-news
88,Primeira rodada de pagamentos da restituição do Imposto de Renda começa em 31 de maio,2,ptbr,google-news
89,Dono do Facebook faz anúncio ASSUSTADOR sobre futuro da empresa,0,ptbr,google-news
90,Fúria na Meta: funcionários se rebelam contra a liderança de Zuckerberg,0,ptbr,google-news
91,Empresa presente na sua vida dá adeus a 4 mil funcionários,0,ptbr,google-news
92,Despedimentos na Meta. Destruíram a moral e confiança dos trabalhadores,0,ptbr,google-news
93,"Com Pix, Brasil é o vice-líder mundial em pagamentos instantâneos",2,ptbr,google-news
94,Pix: 122 milhões de transações foram feitas em um dia | BandNews TV,2,ptbr,google-news
95,PIX impulsiona Brasil em ranking mundial de pagamentos instantâneos,2,ptbr,google-news
96,Pix: Brasil é o segundo em países por uso de pagamentos instantâneos; veja ranking,2,ptbr,google-news
97,Magalu demite por justa causa os fundadores do Kabum,0,ptbr,google-news
98,Fundadores da Kabum entram na justiça após demissão da Magazine Luiza; saiba detalhes,0,ptbr,google-news
99,Magazine Luiza demite fundadores do Kabum e alega justa causa; entenda o caso,0,ptbr,google-news
100,Fundadores do Kabum são demitidos por justa causa pelo Magazine Luiza,0,ptbr,google-news
101,Produção de soja argentina abaixo das expectativas,0,ptbr,google-news
102,Argentina deve diminuir produção de carne em 2023,0,ptbr,google-news
103,Argentina deve reduzir a produção de carne em 2023,0,ptbr,google-news
104,C6 Bank cria conta digital para quem mora no exterior,2,ptbr,google-news
105,Cliente MEI do C6 Bank também paga tarifa da conta?,0,ptbr,google-news
106,Crédito adicional no C6 Bank: entenda o que é e como usar,1,ptbr,google-news
107,Teve cobrança de tarifa na conta do C6 Bank? Veja como ficar isento,1,ptbr,google-news
108,+Milionária 48 sorteia R$ 37 milhões; veja os ganhadores,2,ptbr,google-news
109,"Resultado da +Milionária: aposta de Pirassununga fatura R$ 36,8 mil; na Mega, região tem 45 prêmios",2,ptbr,google-news
110,Resultado da +Milionária - Concurso nº 48 - 22/04/2023,1,ptbr,google-news
111,"Resultado +Milionária de R$ 37 milhões, concurso 48, hoje sábado (22/04)",2,ptbr,google-news
112,Paula Gama - Balela ou bom negócio? Veja se gasolina aditivada que rende mais funciona,1,ptbr,google-news
113,Afinal os combustíveis low cost valem a pena ou não?,1,ptbr,google-news
114,Saiba se gasolina aditivada que rende mais funciona,1,ptbr,google-news
115,TruthGPT: Elon Musk lança uma nova inteligência artificial,2,ptbr,google-news
116,Elon Musk ataca de novo e anuncia seu ChatGPT: conheça o TruthGPT,2,ptbr,google-news
117,Musk diz que cofundador do Google queria construir um “deus digital” com IA,0,ptbr,google-news
118,Nova atualização do CAIXA TEM gera tensão em quem tem dinheiro retido,0,ptbr,google-news
119,Não consigo sacar o PIS no Caixa Tem; e agora?,1,ptbr,google-news
120,AlagoasWeb,1,ptbr,google-news
121,Caixa Tem libera saque de R$ 900 ao longo desta semana,2,ptbr,google-news
122,"Renda Fixa Turbo: Melhor LCA para multiplicar seu dinheiro com Selic a 13,75%",2,ptbr,google-news
123,Quem investiu neste título público 'premium' terá chance de 43% (ou mais) de lucro: uma nova rodada como potencial semelhante se abrirá em breve; veja como garantir,2,ptbr,google-news
124,Renda fixa permanece em alta,2,ptbr,google-news
125,"Renda fixa: Quanto rende prêmio de R$ 42 milhões da Mega-Sena em CDB, poupança e Tesouro Selic após 1 ano",1,ptbr,google-news
126,"Mercado Livre vai contratar 5,7 mil funcionários; veja como se candidatar",2,ptbr,google-news
127,Mercado Livre planeja abrir quase 6 mil vagas de emprego no Brasil,2,ptbr,google-news
128,MERCADO LIVRE anuncia contratação de 5700 FUNCIONÁRIOS; confira,2,ptbr,google-news
129,"Gigante do e-commerce, Mercado Livre, anuncia mais de 5.000 vagas home office e presencial no Brasil",2,ptbr,google-news
130,"Com diária de R$ 3.700 e couvert de R$ 250, alta renda garante resultados da JHSF",1,ptbr,google-news
131,Prévia da JHSF Participações (JHSF3),1,ptbr,google-news
132,"Gafisa (GFSA3): Vendas sobem 22% no 1T23, totalizando R$ 301,5 milhões",2,ptbr,google-news
133,"Gafisa (GFSA3) tem alta de 22% nas vendas no 1º tri, para R$ 301,5 milhões",2,ptbr,google-news
134,Rombo em fundo que financia seguro-desemprego ultrapassa os R$ 5 bilhões,0,ptbr,google-news
135,Governo Lula: fundo do seguro-desemprego vai entrar no vermelho em 2023,0,ptbr,google-news
136,"MaisPB • Fundo que financia o seguro desemprego precisa de R$ 5,1 bi para evitar rombo",0,ptbr,google-news
137,Herança de Bolsonaro: Seguro-desemprego está desfalcado em R$ 5 bilhões,0,ptbr,google-news
138,"15 excelentes promoções de passagens aéreas, pacotes e hotéis para aproveitar hoje",2,ptbr,google-news
139,Promoção GOL tem passagens a partir de R$ 153 o trecho,2,ptbr,google-news
140,"Termina hoje! Passagens nacionais da Gol, Latam e Azul a partir de R$ 230 ida e volta",2,ptbr,google-news
141,GOL tem passagens nacionais a partir de R$ 152 o trecho para viagens até julho,2,ptbr,google-news
142,Anvisa suspende vendas de empresa de suplementação alimentar,0,ptbr,google-news
143,Anvisa suspende shakes e chás da Labornatus,0,ptbr,google-news
144,Anvisa suspende a comercialização de produtos de empresa de suplementação alimentar,0,ptbr,google-news
145,Anvisa suspende produtos de empresa de suplementos alimentares - Campos 24 Horas | Seu Jornal Online.,0,ptbr,google-news
146,Chevrolet Silverado será o carro da vencedora de reality,2,ptbr,google-news
147,Chevrolet Silverado é revelada no Brasil e será prêmio do BBB 23,2,ptbr,google-news
148,Chevrolet Silverado será um dos prêmios do vencedor do BBB 23,2,ptbr,google-news
149,"Silverado, nova picape da GM no Brasil, será apresentada no BBB dia 25",2,ptbr,google-news
150,"Tesouro Direto: juros mantêm queda, com IPCA+2045 a 6,09%; mercado repercute fala de Campos Neto",1,ptbr,google-news
151,Campos Neto: Nunca subiram tanto os juros em ano eleitoral como em 2022,0,ptbr,google-news
152,Cid Gomes dá aula de Economia ao economista Campos Neto... ou quase isso,0,ptbr,google-news
153,"Campos Neto segue falando “besteiras”, diz Gleisi",0,ptbr,google-news
154,Cliente xingado e ameaçado por CEO da Hurb diz que tem pacotes de viagem em aberto que somam mais de R$ 14 mil,0,ptbr,google-news
155,Hurb era uma pirâmide financeira? E o que isso significa – Comportamento – Estadão E-Investidor – As principais notícias do mercado financeiro,0,ptbr,google-news
156,Três-lagoenses entram com processos de reembolsos por pacotes de viagens cancelados - Hojemais de Três Lagoas MS,0,ptbr,google-news
157,"Após relatos de calotes, Ministério da Justiça abre ação contra Hurb",0,ptbr,google-news
158,Ibovespa: 4 fatores que pesam sobre a Bolsa hoje,0,ptbr,google-news
159,"Ibovespa Futuro cai, seguindo exterior e com investidores atentos a Campos Neto na CAE do Senado",0,ptbr,google-news
160,"Após audiência de presidente do BC, dólar sobe e fecha a R$ 5,065",0,ptbr,google-news
161,Ibovespa (IBOV) ganha ritmo hoje com balanços e Campos Neto,2,ptbr,google-news
162,Juros sobre capital próprio entram na mira de Haddad; confira os planos do ministro para coibir o ‘abuso do JCP’,0,ptbr,google-news
163,Análise: Haddad mira isenções fiscais para fazer caixa | WW,1,ptbr,google-news
164,"A pedido de Haddad, Receita elabora estudos sobre renúncias fiscais",1,ptbr,google-news
165,Renúncia fiscal terá lista de beneficiados | SBT Brasil (24/04/23),1,ptbr,google-news
166,Investimentos no Tesouro Direto batem recorde em março,2,ptbr,google-news
167,Tesouro Direto: investimento em títulos públicos atinge a marca histórica de R$ 7 bilhões em março,2,ptbr,google-news
168,"Tesouro Direto: venda de títulos soma R$ 6,84 bilhões em março e bate recorde",2,ptbr,google-news
169,Comitê 'atropela' lista tríplice e visa reconduzir diretor da Petrobrás; FUP condena a ação,0,ptbr,google-news
170,Petrobras: Indicação do governo gera atrito na empresa - 25/04/2023 - Mercado,0,ptbr,google-news
171,COMITÊ DA PETROBRÁS SUGERE RECONDUÇÃO DE SALVADOR DAHAN PARA DIRETORIA EXECUTIVA E RECEBE CRÍTICAS DA FUP,0,ptbr,google-news
172,Bolsonaristas da Petrobras ignoram lista tríplice e tentam manter aliado do ex-capitão no Conselho da estatal,0,ptbr,google-news
173,CVC perde Kopel e busca novo CFO,0,ptbr,google-news
174,Ações da CVC (CVCB3) caem mais de 4% em meio à renúncia de diretor financeiro,0,ptbr,google-news
175,A importante baixa na diretoria da CVC que preocupa alguns analistas,0,ptbr,google-news
176,Mais problemas para a CVC (CVCB3): diretor financeiro deixa cargo após renegociação da dívida com credores de debêntures; ações caem na B3,0,ptbr,google-news
177,"Ibovespa cai 0,70%, com temor de recessão no exterior e queda de commodities; dólar sobe 0,47%",0,ptbr,google-news
178,"Ibovespa recua nesta terça, foi a quinta queda nos últimos sete pregões",0,ptbr,google-news
179,"Ibovespa cai puxado por Vale (VALE3), Petrobras (PETR4) e exterior; dólar, Itaú (ITUB4) e Bradesco (BBDC4) sobem",0,ptbr,google-news
180,Ibovespa tem queda com desvalorização das ações da Vale | BandNews TV,0,ptbr,google-news
181,"Santander (SANB11) registra lucro de R$ 2,1 bilhões no 1T23; queda de 46% no ano",0,ptbr,google-news
182,"Santander Brasil (SANB11) tem lucro gerencial de R$ 2,14 bi no 1º tri, queda anual de 46,6%",0,ptbr,google-news
183,"Notícia EXCELENTE sobre o Itaú é confirmada, mas situação do Bradesco deixa banco sem ter o que comemorar",1,ptbr,google-news
184,"Santander Brasil tem lucro de R$ 2,14 bilhões, queda de 47% para o 1º trimestre",0,ptbr,google-news
185,Prefeitura de SP proíbe circulação dos triciclos elétricos conhecidos como 'tuk-tuks',0,ptbr,google-news
186,Prefeitura de São Paulo proíbe novo serviço de transporte por aplicativo através de “tuk-tuks”,0,ptbr,google-news
187,Prefeitura barra circulação de tuk-tuks da Grilo em SP após uma semana de funcionamento,0,ptbr,google-news
188,Tuk-tuk é proibido em São Paulo uma semana após estreia do serviço,0,ptbr,google-news
189,Nubank: veja como aumentar o limite do cartão de crédito sem passar por análise,2,ptbr,google-news
190,SAIU! Nubank lança ferramenta que aumenta o limite do cartão na hora,2,ptbr,google-news
191,Excelente recurso do Nubank vai te liberar limite fácil,2,ptbr,google-news
192,Como usar o 'Nu Limite Garantido' e aumentar o seu crédito no Nubank?,2,ptbr,google-news
193,3M anuncia demissão em massa,0,ptbr,google-news
194,3M anuncia corte de 6 mil funcionários pelo mundo,0,ptbr,google-news
195,3M anuncia mais de 6.000 demissões pelo mundo,0,ptbr,google-news
196,"Vendas no varejo caem 0,1% em fevereiro ante janeiro, diz IBGE; projeção era de queda de 0,2%",1,ptbr,google-news
197,"Após abrirem 2023 em disparada, vendas do comércio apresentam estabilidade em fevereiro",1,ptbr,google-news
198,"Comércio varejista cai 0,1% de janeiro para fevereiro",0,ptbr,google-news
199,"Condições econômicas restritas devem baixar temperatura do varejo no ano, dizem analistas",0,ptbr,google-news
200,Disney fará segunda rodada de demissões em massa nesta semana,0,ptbr,google-news
201,Famosa empresa deve anunciar demissão em massa de funcionários,0,ptbr,google-news
202,Disney inicia segunda rodada de cortes em 2023 com foco no segmento de negócios,0,ptbr,google-news
203,Walt Disney iniciará segunda onda de demissões em massa,0,ptbr,google-news
204,Nova parceira da Shein vê valor de mercado saltar 200% após acordo; ações da Coteminas voltam a subir,2,ptbr,google-news
205,Coteminas (CTNM3; CTNM4): ações têm novo salto de mais de 20% após triplicarem de valor com “efeito Shein”,2,ptbr,google-news
206,Grande empresa fecha acordo com Shein: veja o que deve mudar,2,ptbr,google-news
207,Coteminas: Ações saltam 200% após acordo com Shein,2,ptbr,google-news
208,"Mudança na correção do FGTS pode render R$ 2,1 mil a mais em 10 anos",2,ptbr,google-news
209,STF deve retomar julgamento sobre correção do FGTS | BandNews TV,1,ptbr,google-news
210,VITÓRIA: Dinheiro EXTRA para os brasileiros com carteira assinada cai como GRANDE SURPRESA nesta semana,2,ptbr,google-news
211,Augusto Carvalho | Nova correção para o FGTS é uma questão de justiça urgente,1,ptbr,google-news
212,Arrecadação atinge R$ 171 bilhões em março de 2023,2,ptbr,google-news
213,"Governo federal arrecada R$ 581,8 bilhões no 1º trimestre, o maior resultado da história para o período",2,ptbr,google-news
214,"Arrecadação federal atinge R$ 171,05 bilhões em março",2,ptbr,google-news
215,Haddad diz que imposto sobre empresas chinesas será embutido nas compras,0,ptbr,google-news
216,Filme repetido: Governo LULA bate o martelo e confirma que vai tributar quem compra na SHEIN e SHOPEE,0,ptbr,google-news
217,"Shein, Shopee e AliExpress: Lula vai criar novo imposto",0,ptbr,google-news
218,Haddad explica como pretende taxar sua blusinha da Shein,0,ptbr,google-news
219,A moeda da Argentina não vale mais nada,0,ptbr,google-news
220,Ministro da Argentina se compromete a estabilizar câmbio e renegociar programa do FMI,1,ptbr,google-news
221,Argentina: 104% de inflação e ministro da Economia quer ser presidente,0,ptbr,google-news
222,"Dólar paralelo dispara e chega a quase 500 pesos na Argentina, e governo acusa oposição e especuladores",0,ptbr,google-news
223,Empreendedores comemoram novo prazo para pagar empréstimo,2,ptbr,google-news
224,Lula sanciona lei que amplia de 4 para 6 anos prazo para pagar Pronampe,2,ptbr,google-news
225,Governo sanciona lei que amplia prazo de pagamentos dos empréstimos do Pronampe,2,ptbr,google-news
226,Lei sancionada amplia o prazo de pagamento do Pronampe – Sistema FENACON,2,ptbr,google-news
227,IR: confira os 8 principais “dedos-duros” que levam à malha fina,0,ptbr,google-news
228,Imposto de Renda 2023: valor do imóvel quitado deve ser atualizado na declaração?,1,ptbr,google-news
229,Como declarar compra e venda de imóvel no Imposto de Renda,1,ptbr,google-news
230,Malha Fina do IR: como a desinformação pode custar caro,1,ptbr,google-news
231,Carrefour Brasil (CRFB3): concorrência mais alta e inflação de alimentos mais baixa abalam vendas; ação fecha em leve queda,0,ptbr,google-news
232,"Carrefour Brasil (CRFB3): Vendas saltam 31% no 1T23, a R$ 27,1 bilhões",2,ptbr,google-news
233,"Carrefour (CRFB3) registra alta de 30,7% nas vendas no 1º tri, para R$ 27,1 bilhões",2,ptbr,google-news
234,Prévia operacional do Carrefour (CRFB3),1,ptbr,google-news
235,Soja: Mercado volta a subir na tarde desta 2ª feira na Bolsa de Chicago com olhos voltados para Argentina,2,ptbr,google-news
236,Baixa demanda derruba soja em Chicago,0,ptbr,google-news
237,"Milho despenca 3,8% na B3 e fecha 2ªfeira na casa dos R$ 64,00",0,ptbr,google-news
238,A resposta de Santander (SANB11) e Nubank (NUBR34) a eventual teto de juros no cartão,1,ptbr,google-news
239,"Milhões de clientes do Nubank podem perder seus cartões, diz CEO",0,ptbr,google-news
240,"Se isto acontecer, milhões de brasileiros podem perder o cartão de crédito",0,ptbr,google-news
241,"IPCA-15: Prévia da inflação oficial será divulgada amanhã, veja o que esperar Por Investing.com",1,ptbr,google-news
242,"Esquecido pelo mercado, IPCA-15 pode mudar rumo da Selic; confira as projeções para a prévia da inflação",1,ptbr,google-news
243,PagBank Investimentos - Ibovespa hoje: Inflação e prévia do PIB são os destaques da semana,1,ptbr,google-news
244,Bolsas caem em semana marcada por resultados de big techs e dados de inflação; reação aos ADRs no feriado e mais destaques,0,ptbr,google-news
245,"Mercado eleva projeções da inflação para 6,04% e do PIB para 0,96%",0,ptbr,google-news
246,Mercado aumenta projeção para crescimento da economia em 2023,2,ptbr,google-news
247,"Mercado aumenta previsão de inflação em 2023: 6,04%",0,ptbr,google-news
248,Dólar alto em 2023?,1,ptbr,google-news
249,Brasil registra 1º superávit em conta corrente para março em 17 anos,2,ptbr,google-news
250,Contas externas têm primeiro saldo positivo desde junho de 2022,2,ptbr,google-news
251,Contas externas têm superavit de US$ 286 milhões em março,2,ptbr,google-news
252,Balanço de transações correntes fecha março com superávit de US$ 286 milhões,2,ptbr,google-news
253,Ford confirma lançamento da nova Ranger 2024 para o segundo semestre,2,ptbr,google-news
254,Fábrica argentina da Ford usa inteligência artificial até para apertar parafuso,2,ptbr,google-news
255,"Ford investe R$ 3,3 bilhões para expandir produção da nova Ranger",2,ptbr,google-news
256,Nova Ford Ranger feita na Argentina chega no segundo semestre,2,ptbr,google-news
257,Clientes sacaram R$ 850 bi de Credit Suisse e First Republic em crise do 1º tri,0,ptbr,google-news
258,Credit Suisse perde 62 milhões de euros em depósitos e ativos no primeiro trimestre,0,ptbr,google-news
259,A fuga bilionária de recursos que quase quebrou o Credit Suisse revelada pelo último balanço do banco,0,ptbr,google-news
260,"Credit Suisse tem lucro de US$ 13,9 bilhões no 1º trimestre",2,ptbr,google-news
261,"Microsoft lucra US$ 18,30 bilhões no 3º trimestre fiscal, alta anual de 9%; receitas superam expectativas do mercado",2,ptbr,google-news
262,Xbox: Este foi o segundo trimestre mais forte de todos os tempos para a receita de jogos - Windows Club,2,ptbr,google-news
263,Microsoft supera estimativas de receita do 3º tri,2,ptbr,google-news
264,Microsoft: Resultado do 3T supera previsão com nuvem afastando temor sobre demanda Por Investing.com,2,ptbr,google-news
265,"Em crise, planos de saúde renegociam pagamentos e buscam formas de diminuir uso",0,ptbr,google-news
266,Planos de saúde registram maior prejuízo operacional desde 2001,0,ptbr,google-news
267,"Unimed Goiânia foi o plano de saúde com o 9º maior prejuízo de 2022, diz ANS",0,ptbr,google-news
268,"Planos de saúde fecharam 2022 no 'zero a zero', diz ANS",1,ptbr,google-news
269,First Republic registra queda de 41% em depósitos com crise nos bancos regionais dos EUA; ação despenca quase 20%,0,ptbr,google-news
270,Ações do First Republic Bank despencam após anúncio de que clientes sacaram US$ 100 bi em março,0,ptbr,google-news
271,Derrocada de 49% em um dia e retorno do temor sobre bancos regionais dos EUA: o que aconteceu com as ações do First Republic,0,ptbr,google-news
272,Balanços de grandes bancos estrangeiros voltam a acender o alerta na bolsa,0,ptbr,google-news
273,"Em abril, confiança da indústria permaneceu em queda",0,ptbr,google-news
274,"Confiança caiu em 20 de 29 setores da indústria em abril, aponta CNI",0,ptbr,google-news
275,Sondagem mostra indústria da construção preocupada com condições atuais da economia e empresa,0,ptbr,google-news
276,Atividade na indústria de construção registra queda pelo quinto mês,0,ptbr,google-news
277,Bitcoin interrompe sequência de quedas com analistas apontando tendência de alta,2,ptbr,google-news
278,"Bom dia, Bitcoin (BTC): quem tem medo dos US$ 27 mil? Analistas avaliam suporte de preço e apontam ‘apenas uma correção’",1,ptbr,google-news
279,Bitcoin abre em nova queda e CAKE desaba 11%,0,ptbr,google-news
280,Preço do Bitcoin hoje 25/04/2023: cotação do BTC permanece em US$ 27 mil e analistas dizem que isso pode ser positivo,1,ptbr,google-news
281,"Startup do agro, Arado levanta R$ 60 milhões para conectar campo e cidade",2,ptbr,google-news
282,Arado levanta série A de R$ 60 milhões e faz 1ª aquisição,2,ptbr,google-news
283,Clicampo vira Arado e capta R$ 60 milhões para conectar produtor rural a restaurantes,2,ptbr,google-news
284,Petrobras (PETR4) quer voltar para distribuição e retomar marca BR da Vibra (VBBR3): o que isso sinaliza para as ações?,1,ptbr,google-news
285,Vibra (VBBR3) pode perder marca BR para a Petrobras (PETR4)?,0,ptbr,google-news
286,Caça à privatização: Petrobras pode tentar reaver bandeira postos BR,1,ptbr,google-news
287,"Com volta à distribuição, Petrobras pretende retomar marca BR na Justiça",1,ptbr,google-news
288,"Para Andreessen Horowitz, brasileiros deveriam 'se gabar' mais no pitch",1,ptbr,google-news
289,"Para a guru das fintechs, o empreendedor brasileiro precisa se vender melhor",1,ptbr,google-news
290,"Queria que os EUA copiassem os reguladores brasileiros, diz Angela Strange",1,ptbr,google-news
291,BSV: Venture capital tem que enfrentar tempestade com novos investimentos,1,ptbr,google-news
292,Pix offline? Itaú testa pagamento por aproximação com celular; veja como funciona,1,ptbr,google-news
293,"Itaú toma atitude impensável, devolve dinheiro para os clientes e surpreende o mercado",2,ptbr,google-news
294,Itaú libera função para mais de 1 milhão de clientes,2,ptbr,google-news
295,Itaú disponibiliza iniciação de pagamentos para pequenas e médias empresas,2,ptbr,google-news
296,Aposta de Americana fatura mais de R$ 58 mil na quina da Mega-sena - O Liberal - Aposta de Americana fatura mais de R$ 58 mil na quina da Mega-sena,2,ptbr,google-news
297,Mega-Sena: quanto rendem na poupança os R$ 50 milhões do prêmio?,1,ptbr,google-news
298,Mega-Sena sorteia R$ 50 milhões nesta quarta-feira; veja como apostar,1,ptbr,google-news
299,50 milhões na Mega Sena: Valor pode deixar você mais rico,1,ptbr,google-news
300,Justiça condena Kraft Heinz por publicidade desleal sobre maionese em briga com a Unilever,0,ptbr,google-news
301,Marcas de maionese brigam na Justiça pelo título de 'mais cremosa' • Orbi,1,ptbr,google-news
302,Justiça aplica multa em disputa pela maionese mais gostosa,0,ptbr,google-news
303,Marca de maionese é condenada pelo TJ-SP por publicidade comparativa desleal,0,ptbr,google-news
304,Minério de ferro vai à mínima em quatro meses diante de menor demanda da China e aumento da oferta,0,ptbr,google-news
305,Demanda lenta por aço na China puxa queda dos preços do minério de ferro,0,ptbr,google-news
306,Vale sob pressão: minério de ferro cai pelo 5º dia com excesso de aço na China,0,ptbr,google-news
307,Minério de ferro atinge a menor cotação dos últimos cinco meses,0,ptbr,google-news
308,Preço do leite se mantém em alta em abril,2,ptbr,google-news
309,Preços do leite no campo seguem em alta no 1° trimestre de 2023,2,ptbr,google-news
310,Preço do açúcar cristal sobe no mercado interno com menor oferta,2,ptbr,google-news
311,"Demanda fragilizada e importações esfriam mercado de derivados de leite no mês de março, aponta Boletim do Cepea",0,ptbr,google-news
312,"Vale a pena investir em Bitcoin hoje? Para analistas, cripto pode saltar 80% em um ano",2,ptbr,google-news
313,"Bitcoin chegará a US$ 100.000 até o fim de 2024, calcula Standard Chartered Por Investing.com",2,ptbr,google-news
314,"Padrão raro, visto a cada 4 anos, sugere grande alta para o Bitcoin",2,ptbr,google-news
315,Beneficiários com NIS de final 7 recebem novo Bolsa Família,1,ptbr,google-news
316,Acesse o Caixa Tem e confira: benefício de R$ 110 já caiu na conta de milhões,1,ptbr,google-news
317,Caixa Tem paga R$ 260 em adicionais nesta terça (25); como receber?,1,ptbr,google-news
318,Pagamento Bolsa Família e Auxílio Gás liberado HOJE(25/04). Veja quem pode sacar!,1,ptbr,google-news
319,"Aneel aprova tarifa de energia de Itaipu em US$ 20,2 para 2023",1,ptbr,google-news
320,"Itaipu: tarifa definitiva de repasse será de US$ 20,23/kW em 2023",1,ptbr,google-news
321,"Aneel aprova tarifa de repasse de US$ 20,23 para Itaipu – CanalEnergia",1,ptbr,google-news
322,"Aposta de Praia Grande ganha sozinha prêmio de R$ 1,6 milhão da Lotofácil",2,ptbr,google-news
323,"Apostador ganhou sozinho mais de R$ 1,6 milhão da Lotofácil nesta segunda",2,ptbr,google-news
324,RESULTADO LOTOFÁCIL 2796: veja os NÚMEROS SORTEADOS da LOTOFÁCIL nesta TERÇA (25/04),1,ptbr,google-news
325,"Prêmio de 1,6 milhão da Lotofácil sai para o litoral de SP",2,ptbr,google-news
326,GWM anuncia nesta terça a produção de veículos de carga,2,ptbr,google-news
327,SP firma acordo para investir R$ 10 bilhões e gerar 2 mil empregos na produção de veículos híbridos na região de Piracicaba,2,ptbr,google-news
328,Governo de SP firma acordo com GWM Brasil para projetos de veículos a hidrogênio,2,ptbr,google-news
329,GWM e governo de São Paulo fecham acordo para acelerar a adoção de veículos a hidrogênio,2,ptbr,google-news
330,Arcabouço exigirá um considerável esforço fiscal,0,ptbr,google-news
331,Fitch diz que novo arcabouço fiscal dependerá de grande aumento na arrecadação Por Reuters,0,ptbr,google-news
332,"O novo arcabouço: simples, previsível e crível?",1,ptbr,google-news
333,Editorial: Arcabouço fiscal troca a responsabilidade pela impunidade | Gazeta do Povo,0,ptbr,google-news
334,Novo Honda Civic Type R já está no Brasil,2,ptbr,google-news
335,Honda Civic Type-R desembarca no Brasil com cores chamativas,2,ptbr,google-news
336,Será que a Honda trapaceou no recorde do Type R em Nürburgring?,0,ptbr,google-news
337,"5 coisas que sabemos do Honda Civic Type R 2023, que será lançado no Brasil em breve",2,ptbr,google-news
338,Cloud9 Capital “pega estrada” para Goiás e investe R$ 110 milhões na Cilia,2,ptbr,google-news
339,Cilia capta R$ 110 milhões em rodada com Cloud9 Capital e Mercado Livre,2,ptbr,google-news
340,VC de ex-SoftBank e Mercado Livre investem R$ 110mi em startup do setor auto,2,ptbr,google-news
341,Cilia capta R$ 110 milhões em rodada com Cloud9 Capital e Mercado Livre - Fusões & Aquisições,2,ptbr,google-news
342,Imposto de Renda: restituição antecipada é opção para contribuintes; veja quais bancos oferecem e se vale a pena,1,ptbr,google-news
343,Prazo para declaração do IRPF aperta e Receita Federal penaliza os inadimplentes,0,ptbr,google-news
344,Prazo do Imposto de Renda 2023: Até quando pode ser enviada a declaração?,1,ptbr,google-news
345,IRPF 2023: mais de 15 milhões de contribuintes já entregaram a declaração,1,ptbr,google-news
346,"Dólar fecha em baixa, com arcabouço fiscal e juros dos EUA em foco",1,ptbr,google-news
347,"Dólar vai sustentar a alta hoje? Moeda sobe, enquanto Ibovespa futuro cai de olho em Campos Neto",1,ptbr,google-news
348,Dólar tem pouca alteração antes de dados dos EUA e com arcabouço no radar Por Reuters,0,ptbr,google-news
349,"Embalado por nova regra fiscal, dólar abre em alta nesta 2ª feira",0,ptbr,google-news
350,Frota de veículos no Brasil fica cada vez mais velha: idade média é de quase 11 anos de uso,0,ptbr,google-news
351,Frota de veículos que circula pelo Brasil está cada vez mais velha,0,ptbr,google-news
352,"Brasileiro dirige automóveis cada vez mais velhos, indica pesquisa",0,ptbr,google-news
353,"Cada vez mais velha, frota de carros nas ruas está perto de 11 anos de uso",0,ptbr,google-news
354,Ibovespa: Por que Vale (VALE3) e Petrobras (PETR4) recuam hoje?,0,ptbr,google-news
355,Ibovespa: índice fecha em queda influenciado por ações de commodities – Últimas notícias – Estadão E-Investidor – As principais notícias do mercado financeiro,0,ptbr,google-news
356,"Santander (SANB11) vai manter seletividade, com foco em clientes e produtos de menor risco, diz CEO",2,ptbr,google-news
357,"Rápidas: Santander, Light, Tim, Carrefour, Lavvi, IRB, Sequoia, Anima, Enauta",1,ptbr,google-news
358,IPCA-15 vem aí: Investir em renda fixa indexada ao IPCA faz sentido com inflação em queda?,1,ptbr,google-news
359,Aviso geral que pode ser seu: Itaú acaba de liberar função para 1 milhão de clientes,2,ptbr,google-news
360,Brasil importa três vezes mais produtos lácteos no 1° trimestre,1,ptbr,google-news
361,RESULTADO LOTOFÁCIL: Veja o resultado da Lotofácil 2796 de HOJE 25/04,1,ptbr,google-news
362,Agência Nacional de Energia Elétrica aprova tarifa de energia da usina de Itaipu para 2023,1,ptbr,google-news
363,Confira os resultados da Quina 6132 e Lotofácil 2795 desta segunda-feira (24/4),1,ptbr,google-news
364,"Lotofácil 2795, Quina 6132 e outras loterias: confira os números (24/4)",1,ptbr,google-news
365,Resultado da Quina 6132 e Lotofácil 2795 - Confira as dezenas sorteadas e valores de prêmios,1,ptbr,google-news
366,"Confira o resultado do sorteio das loterias da Caixa desta segunda-feira, dia 24 de abril",1,ptbr,google-news
367,NOVO CALENDÁRIO PIS 2023: R$ 1.302 do PIS 2023 será ADIANTADO pela CAIXA para AMANHÃ (26) aos nascidos ...,2,ptbr,google-news
368,PIS NÃO terá mais pagamentos de R$ 1.302 este ano; entenda,0,ptbr,google-news
369,"Se o PIS/Pasep de até R$ 1.302 não caiu, saiba como agir nessa situação",1,ptbr,google-news
370,Abono PIS/Pasep: como saber se eu tenho direito?,1,ptbr,google-news
371,Diretor jurídico da Hurb garante todos os embarques até final de 2023,1,ptbr,google-news
372,"Bolsas caem antes dos balanços de Amazon e Microsoft; varejo brasileiro, Campos Neto no Senado e mais destaques",0,ptbr,google-news
373,Fazenda deve divulgar lista de CNPJs com isenções fiscais em até 15 dias,1,ptbr,google-news
374,Vale (VALE3) e Petrobras (PETR4) puxam perdas da Bolsa com queda de commodities; Bradesco (BBDC4) e Itaú (ITUB4) sobem,1,ptbr,google-news
375,Volta do receio com bancos e queda das commodities derrubam Ibov,0,ptbr,google-news
376,"Arrecadação federal atinge R$ 171,06 bilhões em março, diz Receita",2,ptbr,google-news
377,Ford inicia teste da fábrica da Nova Ranger com foco em qualidade,2,ptbr,google-news
378,ATUALIZADO! Calendário do Bolsa Família convoca novo grupo nesta terça-feira,1,ptbr,google-news
379,IMPOSTO DE RENDA 2023: até QUANDO vai PRAZO para DECLARAR IMPOSTO DE RENDA 2023? Veja como fazer DECLAR...,1,ptbr,google-news
380,NBCUniversal boss Jeff Shell out after 'inappropriate relationship',0,eng,google-news
381,NBCUniversal CEO stepping down over 'inappropriate relationship',0,eng,google-news
382,NBCUniversal CEO Jeff Shell steps down following investigation into inappropriate conduct,0,eng,google-news
383,Jeff Shell Ousted at NBCUniversal for ‘Inappropriate Relationship’,0,eng,google-news
384,Bed Bath & Beyond is closing. Here's how it affects the Bay Area,0,eng,google-news
385,Bed Bath & Beyond files for bankruptcy after year of job cuts and store closures,0,eng,google-news
386,Bed Bath & Beyond plans to liquidate all inventory and go out of business,0,eng,google-news
387,Opinion: Why I’ll miss Bed Bath & Beyond,0,eng,google-news
388,Colorado joins states calling for Kia and Hyundai recalls,0,eng,google-news
389,"17 States Demand Hyundai, Kia Recall Cars Over TikTok Thefts",0,eng,google-news
390,Seventeen states urge recall of Kia and Hyundai cars after surge in TikTok challenge thefts,0,eng,google-news
391,AGs call for Kia & Hyundai recalls as thefts continue,0,eng,google-news
392,American Airlines plane engine catches fire after possible bird strike,0,eng,google-news
393,Fiery scare on Dallas-bound American Airlines flight | GMA,0,eng,google-news
394,"Plane rerouted back to Columbus after geese cause engine fire, reports say",0,eng,google-news
395,American Airlines flight forced to return to airport after engine catches fire,0,eng,google-news
396,Life Biosciences Presents Groundbreaking Data at ARVO Demonstrating Restoration of Visual Function in Nonhuman Primates,2,eng,google-news
397,ARVO LIVE: Analysis of vision loss from GATHER clinical program,2,eng,google-news
398,Iveric Bio Announces New Functional Vision Loss Reduction Data from Avacincaptad Pegol GATHER Trials Presented at ARVO Annual Meeting,2,eng,google-news
399,ARVO 2023: Life Biosciences presents groundbreaking data at ARVO demonstrating Restoration of Visual Function in Nonhuman Primates,2,eng,google-news
400,Twitter adds blue checks to accounts of dead celebrities,1,eng,google-news
401,Celebrities now working to remove their apparently mandatory Twitter checkmarks,0,eng,google-news
402,Twitter verified confusion leaves checkmark badge of dishonor,0,eng,google-news
403,Outraged Blue Checks Get Their Badges Back and Really REALLY Want You to Know They Didn’t Pay $8 For Them,0,eng,google-news
404,"This tech company is the 'best possible beneficiary' of A.I., says fund manager",2,eng,google-news
405,"After growing 'uncontrollably' for years, VC warns Silicon Valley is entering a correction",0,eng,google-news
406,Want to invest in the AI boom? Veteran tech fund manager names 4 stocks to own,2,eng,google-news
407,A.I. could serve as the next major catalyst for these cybersecurity stocks. Here's why,2,eng,google-news
408,"Stock Market Today: Dow, S&P Live Updates for April 24, 2023",1,eng,google-news
409,Stock futures inch down as Wall Street awaits tech earnings: Live updates,0,eng,google-news
410,"1 Stock to Buy, 1 Stock to Sell This Week: McDonald’s, Intel",1,eng,google-news
411,"Why company earnings are so upbeat despite recession, credit-crunch risks",1,eng,google-news
412,City Annoyed When SpaceX Launch Coats It in Layer of Grime,0,eng,google-news
413,SpaceX explosion: Behind the causes of Starship launch explosion,0,eng,google-news
414,Shocking images show Elon Musk's doomed Starship rocket spray debris over Texas coast,0,eng,google-news
415,"After SpaceX’s Starship launches, what happens next?",0,eng,google-news
416,Jim Cramer: This is what I learned from the real first week of earnings season,1,eng,google-news
417,Here's what Jim Cramer's watching as earnings season kicks into high gear,1,eng,google-news
418,"A week of earnings and economic data mean a 'wholesale reshuffling' for stocks, Jim Cramer says",1,eng,google-news
419,Jim Cramer breaks down the monster week of earnings ahead,1,eng,google-news
420,"Cheaper Teslas are hurting profits, but Musk still wants to cut prices",0,eng,google-news
421,"I Love How Tesla Wreaks Havoc among Automakers with Massive Price Cuts, Huge Sales Growth, Even Huger Production Growth, and Overcapacity",2,eng,google-news
422,"Tesla slashes prices again, Model 3 now costs $41,380",2,eng,google-news
423,The Jury's Still Out With Tesla's Price Cut Gambit,1,eng,google-news
424,Belgium destroys shipment of American beer after taking issue with 'Champagne of Beer' slogan,0,eng,google-news
425,Belgian customs crushes more than 2000 cans of Miller High Life advertising as 'Champagne of Beers',0,eng,google-news
426,‘The Champagne of Beers’ leaves French producers frothing,0,eng,google-news
427,Belgian customs officers destroy thousands of High Life cans over 'Champagne of Beers' tagline,0,eng,google-news
428,"Elon Musk, Stephen King tussle on Twitter over blue checks, Ukraine: 'How much have you donated?'",1,eng,google-news
429,Elon Musk's Twitter Blue checkmark fiasco is a masterclass in business failure.,0,eng,google-news
430,Epic's Billionaire CEO Jumps On Twitter To Complain About Elites,0,eng,google-news
431,"Stephen King, Elon Musk trade tweets over author's unwanted Twitter Blue subscription",1,eng,google-news
432,Chilean Lithium Nationalization: Albemarle And SQM (NYSE:ALB),1,eng,google-news
433,Why is Chile planning to nationalise its vast lithium industry? | WION Originals,1,eng,google-news
434,Ford EV Battery Partner SK On Monitoring Situation In Chile,1,eng,google-news
435,"Market Highlights: Chile to nationalise lithium industry, iron ore plunges, and 5 ASX small caps to watch ...",1,eng,google-news
436,Facebook notifies users who may be eligible for $725M privacy settlement,1,eng,google-news
437,"Why Facebook Reached $725M Settlement, and How to See if You're Eligible for a Payment",1,eng,google-news
438,"Facebook class action lawsuit settlement: Who's eligible, how to file claim",1,eng,google-news
439,Illinois Facebook users could be eligible for another payment: Here’s how to apply,1,eng,google-news
440,ChatGPT: How generative AI could change hiring as we know it,2,eng,google-news
441,8 Predictions on How Generative AI Will Change Our Lives Forever,2,eng,google-news
442,How reinforcement learning with human feedback is unlocking the power of generative AI,2,eng,google-news
443,"Generative AI: 5 reads about the new era of creativity, job anxiety, misinformation, bias and plagiarism",2,eng,google-news
444,"Va., Md. offer second dose of bivalent COVID-19 vaccine to high-risk individuals",2,eng,google-news
445,"FDA OKs second updated booster for seniors, others",2,eng,google-news
446,Updated COVID-19 booster available in San Luis Obispo Co.,2,eng,google-news
447,Are you due for a COVID-19 shot under new FDA guidance?,2,eng,google-news
448,"See all homes sold in these New Jersey counties, April 10 to April 17",1,eng,google-news
449,"10 most expensive homes sold in Hampden County, April 16-23",1,eng,google-news
450,"22 Homes Sold April 15-22 in Westfield Area | Westfield, NJ News TAPinto",1,eng,google-news
451,"10 most expensive homes sold in Kalamazoo County, April 10-17",1,eng,google-news
452,"How brides have quit gown shopping in favor of vintage finds, DIY designs",0,eng,google-news
453,David's Bridal bankruptcy sparks jitters among brides-to-be,0,eng,google-news
454,"David's Bridal filed for bankruptcy, which might mean layoffs, closures in Wisconsin",0,eng,google-news
455,David's Bridal files for bankruptcy laying off over 9000 employees,0,eng,google-news
456,Southwest Airlines Technology Trouble Re-Emerges,0,eng,google-news
457,Southwest Airlines blew it again this week. What happened?,0,eng,google-news
458,Department Of Justice Joins Department Of Transportation Probe Into Southwest Airlines Holiday Meltdown,0,eng,google-news
459,The Only Thing That Will Hurt Southwest Airlines More than Its Failures Are Its Customers,0,eng,google-news
460,BOJ considering a comprehensive review of long-term easing - report,1,eng,google-news
461,"BOJ will continue monetary easing for now, Ueda says, as inflation to slow soon",1,eng,google-news
462,"BOJ to Review Policies From Past Decades, Sankei Reports",1,eng,google-news
463,Has BOJ Gov Ueda dismissed any change to YCC at this week's policy meeting? Looks like it,1,eng,google-news
464,Mortgage fee structure change will arrive May 1: Here's what to know,1,eng,google-news
465,Good Credit Surcharge For Travel Reward Credit Cards?,1,eng,google-news
466,"Better credit, better mortgage payment? Not necessarily, financial experts say",1,eng,google-news
467,Biden is making you subsidize mortgages for deadbeats,0,eng,google-news
468,New reports say business travel isn’t going back to normal — ever,0,eng,google-news
469,A new peak travel season? Execs at RDU airlines talk 'new normal',1,eng,google-news
470,No Such Thing as a 'Run on the Bank' In Insurance Biz: Travelers CEO,1,eng,google-news
471,Business travel has not bounced back — and there is no guarantee it will,0,eng,google-news
472,Alphabet CEO Gets Astronomical $226 Million Pay,0,eng,google-news
473,"Alphabet CEO Sundar Pichai receives hike, pay soars to $226mn | Latest News | WION",1,eng,google-news
474,Sundar Pichai Scores Massive 2022 Payday,0,eng,google-news
475,Google CEO Sundar Pichai Makes 800 Times Median Employee’s Salary,1,eng,google-news
476,"Lithium Refining Lacks Supply, According to Elon Musk — Here Are 2 Stocks to Take Advantage",2,eng,google-news
477,Eye on Lithium: Tesla opts for EV sales growth over profits,1,eng,google-news
478,Elon Musk urges entrepreneurs 'please refine lithium' as EVs face choke point,2,eng,google-news
479,"Meta employee receives abrupt layoff notice at 4 am, told it is her last day of work",0,eng,google-news
480,Meta layoffs make it second-most brutal chopper of the big tech firms,0,eng,google-news
481,Mark Zuckerberg to Meta Platform employees: 'We're in a different world' - Silicon Valley Business Journal,1,eng,google-news
482,"2023 Layoff Tracker: Lyft Will Cut 1,200 Jobs",0,eng,google-news
483,"HSBC shareholders should vote against Asia spinoff plan, advisor ISS says",1,eng,google-news
484,Letter: Listing HSBC Asia reduces risk if there's a Taiwan war,1,eng,google-news
485,"Reject proposals for restructure, proxy adviser urges",1,eng,google-news
486,HSBC faces more shareholder pressure as Pirc urges investors to vote against re-election of Noel Quinn,0,eng,google-news
487,"More Gen Zers own homes at 25 than millennials, Gen Xers did at same age",2,eng,google-news
488,9 Reasons (Aside from Mortgage Rates) Why Gen Zers Won’t Be Buying a House Anytime Soon,0,eng,google-news
489,Survey: Many people value homeownership over other milestones but face affordability hurdles,1,eng,google-news
490,Seattle-area millennials are buying homes — just not in King County,1,eng,google-news
491,US urges South Korea not to fill China shortfalls if Beijing bans Micron chips,1,eng,google-news
492,US asks South Korea not to fill chip shortfalls in China: report,1,eng,google-news
493,The US has asked South Korea not to fill China shortfalls if Beijing bans Micron chips,1,eng,google-news
494,US Urges S. Korea Not to Fill China Chip Shortfall Amid Probe:FT,1,eng,google-news
495,"Ukraine to Adopt Europe's Crypto Rules, Clarifies Taxation – Regulation Bitcoin News",1,eng,google-news
496,Ripple's Head of Public Policy Urges the U.S. to Learn from the EU and UK,1,eng,google-news
497,The EU Has Now Become the Global Crypto Regulatory Leader,2,eng,google-news
498,VeChain's Industry Set to Build on Foundation Laid by EU MiCA,2,eng,google-news
499,Netflix’s DVD End Is a Warning Sign for Film Lovers (Opinion),0,eng,google-news
500,Why Netflix Ending Its DVD Mailing Service Is a Blow to Film Fans,0,eng,google-news
501,Redbox Reportedly Interested in Buying Netflix's DVD Business,1,eng,google-news
502,Reed Hastings in 2010: Netflix to Deliver Last DVD Movie Rental in 2030,1,eng,google-news
503,Canadian authorities investigate $15 million heist,1,eng,google-news
504,What We Know So Far About the Toronto Airport $20 Million Heist,1,eng,google-news
505,Massive gold heist at Canada's biggest airport | GMA,1,eng,google-news
506,Gold heist at Toronto Pearson needed insider knowledge: expert | CTV News,1,eng,google-news
507,These are 4 changes McDonald's is making to its burger to stay number one,2,eng,google-news
508,"McDonald's changing up its hamburgers, no word if Bud Light ex-VP involved",1,eng,google-news
509,Editorial: Here's how McDonald's is improving its burgers and buns. There's a lesson for Brandon Johnson.,1,eng,google-news
510,McDonald's Changed Its Burgers And People Have A Lot To Say About It,1,eng,google-news
511,"A private train company just unveiled its snazzy new station at Orlando airport — see inside Brightline's 37,350-square-foot facility",2,eng,google-news
512,A private train company just unveiled its snazzy new station at Orlando airport — see inside Brightline's 37350-square-foot facility,2,eng,google-news
513,One Of The Fastest Trains In The U.S. Is Set To Launch Between Miami and Orlando,1,eng,google-news
514,Orlando seeking federal funding to link SunRail commuter train to Brightline,1,eng,google-news
515,Walmart shoppers rush to buy $448 best-selling outdoor home essential that scans at the register for just...,1,eng,google-news
516,Walmart customers rush to buy $300 travel essential that scans at the register for just $109...,1,eng,google-news
517,Walmart shoppers rush to buy $89 home essential scanning at register for just $25...,1,eng,google-news
518,Walmart shoppers rush to buy $355 bike which scans at register for just $124...,1,eng,google-news
519,AT&T Stock: Mr. Market's Big Gift To The Bulls (NYSE:T),2,eng,google-news
520,AT&T was walloped this week. Should telecom investors be worried?,0,eng,google-news
521,Wall Street Breakfast Podcast: Analysts Weigh AT&T Free Cash,1,eng,google-news
522,AT&T Analysts Reiterate Ratings Following Q1 Earnings Miss On Free Cash Flow - AT&T (NYSE:T),1,eng,google-news
523,ARM is reportedly building a chip to show off what its designs can do,1,eng,google-news
524,"Chipmaker Arm to make its own semiconductor, Financial Times reports",1,eng,google-news
525,"SoftBank-Owned Arm to Build Prototype Semiconductor, FT Says",1,eng,google-news
526,ARM Demonstrates the Power of Its Technologies with Its Own Processor,1,eng,google-news
527,Tupperware has been struggling for years. Three charts show just how bad it's been.,0,eng,google-news
528,COLUMN: Has Tupperware's fate finally been sealed?,0,eng,google-news
529,Column | When Tupperware heralded ‘acche din’ in India,1,eng,google-news
530,What Tupperware Needs Now Is Another Brownie Wise,1,eng,google-news
531,A 'bullish cocktail' of stock market signals will power surprise rally,2,eng,google-news
532,Flashing Lights,0,eng,google-news
533,What the flashing danger signals about the US mean,0,eng,google-news
534,"The Truth is Coming for OpenAI, Elon Musk Plans to Release TruthGPT to Compete with ChatGPT",1,eng,google-news
535,Elon Musk Says He's Building a Maximum Truth-Seeking AI,1,eng,google-news
536,What Is the TruthGPT That Elon Musk Claims to Be Working On?,1,eng,google-news
537,Elon Musk Tells Tucker Carlson He'll Launch ChatGPT Rival,1,eng,google-news
538,Commercial real estate is feeling the pain of higher rates and tighter credit,0,eng,google-news
539,US banks on alert over falling commercial real estate valuations,0,eng,google-news
540,Commercial real estate concerns for US banks,0,eng,google-news
541,"The commercial real estate market is wobbling, and 2 of the largest players are feeling the pain of higher rates and tighter credit",0,eng,google-news
542,A Woman's Boss Asked Her About Her Plans For The Future & Now She's Getting Fired Despite Being A Top-Performer,0,eng,google-news
543,‘I would highly recommend asking about the turnover for that position’: Woman says she applied to the same job three times in a row,1,eng,google-news
544,Boss explains secret job interview 'coffee test' - and brutal consequences for failing,1,eng,google-news
545,Woman Who Was Laid-Off Says She Has 10 Years Of Job Experience And Has Applied To Over 100 Positions But Can't Receive A Single Offer,0,eng,google-news
546,Google 'committed' to massive multi-million dollar complex in San Jose as project is put on hold,1,eng,google-news
547,Google halts construction on its 80-acre San Jose campus with NO plans to restart in 'near future',0,eng,google-news
548,Google pauses San Jose 'Downtown West' campus,1,eng,google-news
549,Google 'committed' to massive multi-million dollar complex in downtown San Jose as project is put on hold,1,eng,google-news
550,Steve Bannon Blasts 'Stone Cold Liar' Elon Musk,0,eng,google-news
551,Elon Musk says people should be cautious with AI because the tech is 'a danger to the public',0,eng,google-news
552,Elon Musk Claims Abortion and Birth Control Might Help 'Crumble' Civilization (Video),0,eng,google-news
553,Musk Warns AI Can Play God and Destroy Us,0,eng,google-news
554,More items at Giant store possibly tampered: Pennsylvania State Police,0,eng,google-news
555,"Grocery store employee inserted sewing needles into food, police say",0,eng,google-news
556,Employee at Pennsylvania grocery store accused of putting needles in food,0,eng,google-news
557,"More Items Possibly Tampered With at Lehigh Valley GIANT, Police Say",0,eng,google-news
558,Coinbase’s Brian Armstrong Says Congress Needs To Step In Now That SEC Has Caused Untold Harm to US Investors,0,eng,google-news
559,Coinbase CEO Meets SEC Amid Moving Offshore Reports,1,eng,google-news
560,Coinbase CEO Urges Congress to Intervene on Crypto Regulation,1,eng,google-news
561,Philip Hammond warns of 'real risk' to London financial services from EU crypto bill,0,eng,google-news
562,Warren Buffett swore off Japanese food after disastrous sushi dinner,1,eng,google-news
563,‘It was the worst’: Warren Buffett loves investing in Japan – but hates the food,1,eng,google-news
564,Buffett and other billionaires agree: Tokyo's worth revisiting,2,eng,google-news
565,"Billionaires Buffett, Griffin and Cohen Agree: Tokyo's Worth Revisiting",2,eng,google-news
566,First Republic Bank Shares Sink 49% After Earnings Report,0,eng,google-news
567,"First Republic Bank's deposit outflows were worse than expected, says Wells Fargo's Jared Shaw",0,eng,google-news
568,Gold and bitcoin perk up as the market senses another banking rout,0,eng,google-news
569,Morning Bid: Bank angst echo,0,eng,google-news
570,"Microsoft results top forecasts, shares jump 8% as AI juices sales",2,eng,google-news
571,Microsoft earnings beat as cloud growth comes in better than feared,2,eng,google-news
572,Microsoft earnings: What investors should expect,1,eng,google-news
573,"Microsoft Q3 earnings: Despite cloud struggles, tech giant beat on revenue and EPS",2,eng,google-news
574,McDonald’s customers still ‘lovin it’ despite price hikes,2,eng,google-news
575,McDonald's beats on revenues and profits,2,eng,google-news
576,McDonald's earnings beat estimates as U.S. traffic grows despite price hikes,2,eng,google-news
577,Billions and Billions Earned: How McDonald's Keeps Its Edge,2,eng,google-news
578,"Chipotle Stock Sizzles After Earnings, Revenue Beat",2,eng,google-news
579,Chipotle Mexican Grill's restaurant traffic grows as the chain proves its pricing power,2,eng,google-news
580,"Chipotle earnings beat estimates, boosted by sales growth, revenue up 17%",2,eng,google-news
581,"Chipotle Mexican Grill earnings beat on prices, new stores",2,eng,google-news
582,"Google Earnings, Revenue Top Estimates Amid Cost-Cutting",2,eng,google-news
583,Alphabet reports revenue and earnings beat for first quarter,2,eng,google-news
584,Google Ad Revenue Drops for Second Straight Quarter,0,eng,google-news
585,YouTube Ad Revenue Drops to $6.7B During First Quarter,0,eng,google-news
586,Tobacco company pleads guilty to violating U.S. sanctions on North Korea,0,eng,google-news
587,British American Tobacco to pay $635m for North Korea sanctions breaches,0,eng,google-news
588,World's second-largest tobacco company to pay over $600 million for violating sanctions against North Korea,0,eng,google-news
589,"DOJ, State: $629M criminal fine, $508M civil settlement against British American Tobacco for selling to North Korea",0,eng,google-news
590,Binance.US says no deal to Voyager Digital,0,eng,google-news
591,"Binance Pulls Out Of Deal To Acquire Voyager Digital Assets, Here's What's Next - Voyager Digital (OTC:VY",0,eng,google-news
592,Voyager Digital Says Binance.US Sent Letter Terminating $1B Asset Buy Deal,0,eng,google-news
593,Binance.US calls off $1.3 billion deal for Voyager's assets,0,eng,google-news
594,"ESPN Drawn Into Disney Layoffs, Though Most Talent Decisions Coming Later This Year; Streaming Chief Russell Wolff, 43-Year Publicity Vet Mike Soltys Among Dozens Exiting",0,eng,google-news
595,Nate Silver Out at ABC News as Disney Layoffs Once Again Hit News Division,0,eng,google-news
596,Austerity Strikes Again at ESPN,0,eng,google-news
597,Walt Disney Makes a Mickey Mouse Mistake Investors Will Pay For,0,eng,google-news
598,"GM Raises 2023 Profit Outlook, Kills Off Chevy Bolt EV",2,eng,google-news
599,"General Motors: It's time to end Chevrolet Bolt EV, EUV production CEO says",0,eng,google-news
600,"GM to end production of electric Chevy Bolt, its first mass-market EV, later this year",0,eng,google-news
601,"GM confirms Chevy Bolt will die this year, making way for electric pickups",0,eng,google-news
602,"Amid Bed Bath & Beyond bankruptcy filing, company stops taking coupons",0,eng,google-news
603,"Bed Bath & Beyond just filed for bankruptcy, 8 months after an activist investor and college student made a combined $180 million on the meme stock",0,eng,google-news
604,"Mass. shoppers cash in at Bed, Bath & Beyond before impending closure",0,eng,google-news
605,Bed Bath & Beyond Dothan store officially closed,0,eng,google-news
606,UPS shares fall after delivery giant reports disappointing earnings,0,eng,google-news
607,UPS flashes a warning sign about the US economy,0,eng,google-news
608,Tough quarter starts the year for UPS,0,eng,google-news
609,UPS earnings: Package volume hurts revenue,0,eng,google-news
610,Airline Recovery Boosts Jet Engine Makers - WSJ,2,eng,google-news
611,"GE Q1 earnings 'indicative that the turn around is occurring,' Argus Research president says",2,eng,google-news
612,GE Healthcare Falls despite Earnings Win,0,eng,google-news
613,"GE Aerospace saw revenue, profit skyrocket in first quarter of 2023",2,eng,google-news
614,Biden admin delivers blow to fossil fuel project in victory for eco groups,0,eng,google-news
615,US Toughens Criteria for LNG Export Extensions,0,eng,google-news
616,Department of Energy to crack down on extensions for LNG projects (NYSE:ET),0,eng,google-news
617,Glenfarne set to decide to build Texas LNG export plant in 2023,1,eng,google-news
618,2 Executives Are on Leave After Bud Light Promotion With Transgender Influencer,0,eng,google-news
619,Bud Light rivals stealing sales after Dylan Mulvaney controversy,0,eng,google-news
620,Wall Street Journal: Bud Light owner places two execs on leave after transgender influencer backlash,0,eng,google-news
621,Bud Light's response to Dylan Mulvaney backlash is rife with hypocrisy,0,eng,google-news
622,"Dow Jones Dives; Google, Microsoft Jump On Earnings; First Republic Craters",0,eng,google-news
623,"Stocks close lower Tuesday as investors’ bank fears return, Dow sheds more than 300 points: Live updates",0,eng,google-news
624,Stock Market Today: Dow Closes Down More Than 300 Points Ahead of Tech Earnings; First Republic Dives,0,eng,google-news
625,Stocks fall as investors brace for tech giant earnings,0,eng,google-news
626,GM lifts 2023 expectations as it prepares for a breakout EV year,2,eng,google-news
627,"GM earnings: Strong Q1 revenue and profit, full-year guidance lifted",2,eng,google-news
628,Why GM's Big Profit Beat Isn't Impressing Wall Street,0,eng,google-news
629,General Motors Stock (NYSE:GM): Time to Back Up the Truck?,2,eng,google-news
630,"FDA Grants Accelerated Approval for QALSODY™ (tofersen) for SOD1-ALS, a Major Scientific Advancement as the First Treatment to Target a Genetic Cause of ALS | Biogen",2,eng,google-news
631,FDA grants accelerated approval for Biogen ALS drug that treats rare form of the disease,2,eng,google-news
632,F.D.A. Approves Drug for Rare Form of A.L.S.,2,eng,google-news
633,Drug for rare form of ALS approved by FDA,2,eng,google-news
634,"Existing civil right laws will be used against biased AI, officials pledge",1,eng,google-news
635,U.S. regulators warn they already have the power to go after A.I. bias — and they're ready to use it,1,eng,google-news
636,US government plans to crack down on AI misuse,1,eng,google-news
637,Exclusive: Progressives press Biden to issue an AI executive order,1,eng,google-news
638,This 'tried and true' savings strategy captures yield amid changing interest rates,2,eng,google-news
639,"Banks, credit unions offering big rates on savings accounts",2,eng,google-news
640,Bank rates are up. How to avoid leaving money on the table,2,eng,google-news
641,Why Apple and other high-yield savings accounts are worth opening,2,eng,google-news
642,US consumer confidence hits nine-month low; housing market bottoming out,0,eng,google-news
643,Americans are getting worried about the job market,0,eng,google-news
644,Consumer confidence falls to 9-month low,0,eng,google-news
645,U.S. consumer confidence falls to 9-month low on worries about jobs and recession,0,eng,google-news
646,"3M to cut 6,000 jobs in second round of layoffs this year",0,eng,google-news
647,3M announces mass layoffs as manufacturing slows,0,eng,google-news
648,3M to lay off 6000 workers amid manufacturing slowdown,0,eng,google-news
649,3M Earnings: 6000 More Job Cuts Won't Fix Company's Problems,0,eng,google-news
650,Coinbase trading volumes fall as regulatory uncertainty weighs,0,eng,google-news
651,Coinbase sues SEC after months of silence from federal regulator,0,eng,google-news
652,"Cathie Wood Picks Up Huge Stake In Coinbase - Shopify (NYSE:SHOP), ARK Fintech Innovation ETF (ARCA:ARKF)",2,eng,google-news
653,Coinbase Is Suing the Feds for Once,1,eng,google-news
654,Gap Plans to Lay Off Hundreds of Corporate Workers in Latest Cuts - WSJ,0,eng,google-news
655,"Gap will cut more than 500 workers in latest layoffs, as struggling retailer tries to reduce costs",0,eng,google-news
656,Gap stock slips on plans to layoff hundreds of corporate workers,0,eng,google-news
657,Gap plans to eliminate more jobs as part of $550 million cost savings plan,0,eng,google-news
658,CNBC's Hadley Gamble also romantically linked to TPG's David Bonderman: sources,1,eng,google-news
659,NBCUniversal CEO Jeff Shell Forced Out After Sexual Harassment Claim From CNBC Reporter Hadley Gamble,0,eng,google-news
660,"Tucker, Lemon and Shell, oh my! Welcome to spring cleaning for the media business",1,eng,google-news
661,Opinion: Sexist Media Culture Enabled Tucker Carlson And Don Lemon,0,eng,google-news
662,Prep sports powerhouse IMG Academy to be sold for $1.25 billion: What does it mean long term?,2,eng,google-news
663,UFC Owner Endeavor Group to Sell Florida Sports School IMG Academy,2,eng,google-news
664,WWE Parent Company Endeavor Sells Sports Training School IMG Academy For $1.25 Billion,2,eng,google-news
665,Endeavor Sells IMG Academy to Private Equity Firm BPEA EQT for $1.25B,2,eng,google-news
666,"GM, Hyundai announce EV battery plants for the US",2,eng,google-news
667,"GM, Hyundai investing $8B in new US battery plants",2,eng,google-news
668,"GM, Samsung partner on $3 billion EV battery plant",2,eng,google-news
669,"Hyundai Motor finalizes $5 billion U.S. battery venture, doubles Q1 profit",2,eng,google-news
670,Wall Street analysts' top calls on Tuesday,1,eng,google-news
671,"Earnings playbook: Your guide to a busy week of earnings, featuring Meta and Amazon",1,eng,google-news
672,Here's what this investor is looking for as Big Tech earnings approach,1,eng,google-news
673,"Investors need A.I.-fueled growth stocks such as NVDA, GOOGL, MSFT",2,eng,google-news
674,"‘Vampire’ straw found hidden in traveler’s backpack at Boston airport, cops say",1,eng,google-news
675,Vampire straw gets passenger arrested at Boston airport,1,eng,google-news
676,Man arrested after a vampire straw was found in his luggage at Boston airport,1,eng,google-news
677,Weapon Called ‘Vampire Straw' Seized at Boston's Logan Airport,1,eng,google-news
678,"U.S. home prices rise for first time in 8 months, Case-Shiller says",2,eng,google-news
679,"Home prices rose in February, breaking 7-month streak of declines",2,eng,google-news
680,U.S. house prices rose 0.5% in February,2,eng,google-news
681,U.S. home-price gains cool as buyers squeezed by higher rates,0,eng,google-news
682,Is a recession coming by 2024? Here's what economists are saying.,0,eng,google-news
683,A Recession May Be Coming. Buy Stocks Anyway.,1,eng,google-news
684,Maley: The stock market will soon catch up to the credit crunch and looming recession,0,eng,google-news
685,The Fed Says a Recession Is Coming: History Says the Stock Market Will Do This Next,0,eng,google-news
686,Terra Co-Founder and Nine Staff Indicted for Role in Crypto Collapse,0,eng,google-news
687,Terra co-founder Daniel Shin charged with fraud in South Korea,0,eng,google-news
688,Terra blockchain founder Daniel Shin indicted in South Korea,0,eng,google-news
689,Terra Co-Founder Daniel Shin Indicted in South Korea: Bloomberg,0,eng,google-news
690,Elon’s Musk’s Twitter verification check mark debacle is getting worse,0,eng,google-news
691,Are Twitter’s Blue Check Marks Uncool Now?,1,eng,google-news
692,Twitter Blue's rocky rollout continues with disavowing of checkmarks,0,eng,google-news
693,Mint Explainer: How Twitter’s blue tick went from status symbol to laughing stock | Mint,0,eng,google-news
694,Flight attendants warn tense passengers as American Airlines plane engine shoots flames: 'little situation',0,eng,google-news
695,How common are plane engine fires and bird collisions? An expert explains after American Airlines emergency,1,eng,google-news
696,How dangerous are bird strikes to planes?,1,eng,google-news
697,Officials say Canada geese responsible for forcing plane back to airport,1,eng,google-news
698,Spotify CEO Calls AI 'Cool and Scary' as It Hits Music Industry,1,eng,google-news
699,Spotify CEO Ek: 'We'd like to raise prices in 2023' but only when 'timing is right',1,eng,google-news
700,"Spotify still growing, still losing money — and still without a hi-res option",0,eng,google-news
701,Spotify is 'ready to raise prices' – cancel it and check out these alternatives,1,eng,google-news
702,UBS is still cleaning up from the last crisis. Now it must tackle Credit Suisse,0,eng,google-news
703,UBS profits hit by legacy legal costs as it nears Credit Suisse merger,0,eng,google-news
704,First Republic Laid Bare The Extent of Banking Turmoil. Brace for More Jitters.,0,eng,google-news
705,Matt Levine's Money Stuff: Credit Suisse's Great Awful Quarter,0,eng,google-news
706,Kim Foxx says she will not seek re-election,0,eng,google-news
707,"Kim Foxx won't seek reelection as Cook County State's Attorney, Chicago DA",1,eng,google-news
708,Timeline of Kim Foxx's two terms as Chicagoland's top prosecutor,1,eng,google-news
709,Cook County State's Attorney Kim Foxx says she will not run for reelection,1,eng,google-news
710,Gold prices treading water just below $2000 as U.S. consumer confidence falls to 101.3 in April,1,eng,google-news
711,Gold rises as traders hunker down for economic cues,2,eng,google-news
712,"Gold futures rise back above $2,000 an ounce",2,eng,google-news
713,Gold sees slight price gains as bulls buy the dip,2,eng,google-news
714,20 Hottest Cybersecurity Products At RSAC 2023,2,eng,google-news
715,RSA Conference 2023 – Announcements Summary (Day 1),1,eng,google-news
716,"Day 1 From RSAC 2023 | The Future Starts Now, Together",1,eng,google-news
717,10 Cool New Cybersecurity Tools Announced At RSAC 2023,2,eng,google-news
718,Bitcoin price can ‘easily’ hit $20K in next 4 months — Philip Swift,2,eng,google-news
719,"Bitcoin could soar to $100,000 as crypto winter ends: Standard Chartered",2,eng,google-news
720,Bitcoin 'Halving' Spurs Prediction of Rally Past $50000 by 2024,2,eng,google-news
721,"Bitcoin Price Threatens To Crash Below $27,000 - What'll Stop The King Coin's Freefall? |",2,eng,google-news
722,The Morning After: Apple wins appeals court ruling against Epic Games,0,eng,google-news
723,Apple declares victory after decision reached in Epic Games appeal,2,eng,google-news
724,Apple declares 'resounding victory' after decision reached in Epic Games appeal,2,eng,google-news
725,Court sides with Apple on app store policies,2,eng,google-news
726,Inside Meta's scramble to catch up on AI,1,eng,google-news
727,Mark Zuckerberg's AI obsession: Could Facebook change its name again?,1,eng,google-news
728,Meta Muddles AI Progress: Chip Project Mishaps and Metaverse Ambitions Inflate Costs,0,eng,google-news
729,Mark Zuckerberg Has Dumped the Metaverse for His Newest Obsession,0,eng,google-news
730,"TikTok, Twitter, Meta Face Countdown to Comply With West's Toughest Content Law",1,eng,google-news
731,EU names 19 large tech platforms that must follow Europe’s new Internet rules,1,eng,google-news
732,"Amazon, Apple and more: EU names the Big Tech platforms set to face tougher regulatory scrutiny",1,eng,google-news
733,EU singles out 19 tech giants for online content rules,1,eng,google-news
734,"2024 Mercedes-Benz E-Class Debuts: EQ Face, Rear Steer, And A Selfie Cam",2,eng,google-news
735,2024 Mercedes-Benz E-Class Targets Tech-Savvy Buyers,2,eng,google-news
736,"2024 Mercedes-Benz E-Class learns from the past, looks to the future",2,eng,google-news
737,2024 Mercedes-Benz E-Class: This Is It,2,eng,google-news
738,J&J's Spinoff Kenvue Valued at $40 Billion. What's Ahead for Consumer Health.,2,eng,google-news
739,Johnson & Johnson to price shares of consumer spinoff Kenvue at $20 to $23 in IPO,1,eng,google-news
740,J&J aims for up to $43 billion valuation for consumer health unit Kenvue,1,eng,google-news
741,Johnson & Johnson spinoff Kenvue receives IPO value of $40 billion,2,eng,google-news
742,The 29 best Mother’s Day gifts for moms in 2023,2,eng,google-news
743,33 practical gift ideas for Mother’s Day 2023,2,eng,google-news
744,4 Perfect Products For Mother's Day With MorningSave,2,eng,google-news
745,18 Best Mother's Day Gifts from Oprah's Favorite Things on Sale Right Now,1,eng,google-news
746,Stanford and MIT study: A.I. boosted worker productivity by 14%—those who use it 'will replace those who don't',0,eng,google-news
747,"Office Overachievers Won't Be Happy About ChatGPT, Study Finds",1,eng,google-news
748,Generative AI: Can AI help customer service reps help customers better?,1,eng,google-news
749,Executives know the generative A.I. boom is a big deal—but are afraid to use the technology,0,eng,google-news
750,Verizon Stock Dips As Consumer Business Continues To Struggle,0,eng,google-news
751,"Verizon's tepid results underscore wireless slowdown, tough competition",0,eng,google-news
752,"Verizon Earnings Beat Estimates, But Consumer Business Shows Signs of Pressure",0,eng,google-news
753,Verizon Q1 Earnings: Spinning Wheels (NYSE:VZ),0,eng,google-news
754,"Biogen 'could migrate' to immunology, with $10B 'dry powder'",1,eng,google-news
755,"Aduhelm continues to haunt Biogen, causing $18M Alzheimer's hit",0,eng,google-news
756,Biogen Earnings Beat Expectations. All Eyes Are on the Alzheimer's Drug.,1,eng,google-news
757,"Busy with 3 program launches this year, Biogen trims pipeline",1,eng,google-news
758,Bill Oram: Why Phil Knight’s $400 million investment in Portland’s Black community is more important than own,2,eng,google-news
759,Phil Knight Donates $400 Million to Rebuild Portland's Black Community - WSJ,2,eng,google-news
760,$400 million donated to benefit Portland's Black community,2,eng,google-news
761,Phil and Penny Knight pledge $400 million for Portland’s historically Black Albina neighborhood,2,eng,google-news
762,Meta’s stock heads for longest losing streak in nearly four years,0,eng,google-news
763,Meta Needs a New Catalyst After Stock’s 77% Rally,1,eng,google-news
764,Meta Q1 Earnings Likely Dropped 28%,0,eng,google-news
765,Meta Stock Just Went On A 152% Run. Why There May Be More Upside,0,eng,google-news
766,"Nasdaq, S&P slip +1% each, Dow falls as earnings disappoint amid slowdown worries (SP500)",1,eng,google-news
767,5 things to know before the stock market opens Tuesday,2,eng,google-news
768,What recession? Investors eye 'companies that can thrive' amid slowdown,1,eng,google-news
769,Why Are Stocks Down Today?,1,eng,google-news
770,Lucid shares another look at its upcoming Gravity SUV as it begins public road testing [Video],2,eng,google-news
771,Lucid's Gravity SUV is taking another step toward production with tests on public roads,2,eng,google-news
772,Lucid begins testing its electric Gravity SUV on US roads,2,eng,google-news
773,"Here’s a look at Lucid’s next luxury EV, the Gravity SUV",2,eng,google-news
774,"OpenAI previews business plan for ChatGPT, launches new privacy controls",2,eng,google-news
775,OpenAI Offers New Privacy Options for ChatGPT,2,eng,google-news
776,"ChatGPT users can now turn off their chat history, OpenAI announces",2,eng,google-news
777,"ChatGPT now allows disabling chat history, declining training, and exporting data",2,eng,google-news
778,"Peter Lynch says his investing strategy still works today, but you have to do your homework",2,eng,google-news
779,Legendary investor Peter Lynch on stock picking: 'The sucker's going up' is not a good reason,1,eng,google-news
780,Stock-market legend Peter Lynch: 'The sucker is going up' is never a good reason to buy,1,eng,google-news
781,Investing legend Peter Lynch on the investments he regrets not making in recent years,1,eng,google-news
782,Buyers with good credit will soon start paying higher mortgage rates,0,eng,google-news
783,"'It's going to hit the consumer hard,' Those with higher credit scores may pay higher mortgage fees",0,eng,google-news
784,Mortgage fees on home loans backed by Fannie Mae and Freddie Mac are going up,0,eng,google-news
785,"Biden's mortgage plan: 2008, but with an inflation crisis",0,eng,google-news
786,"Novartis prunes assets, axing 10% of pipeline programs to narrow R&D focus",1,eng,google-news
787,Novartis CEO Vas Narasimhan: Our medicines are starting to take market share and deliver on promises,2,eng,google-news
788,Novartis Stock Extends Its Breakout On A Trio Of Quarterly Drivers | Investor's Business Daily,2,eng,google-news
789,"Novartis' Kisqali, Pluvicto top list of investor concerns",0,eng,google-news
790,"RTX Stock Rises In Buy Zone After Cruising Past Earnings Forecasts, Reaffirming Outlook",2,eng,google-news
791,"Raytheon Technologies Beats on Earnings, Raises Dividend",2,eng,google-news
792,Raytheon's stock trades in narrow range after Q1 results (NYSE:RTX),1,eng,google-news
793,Aerospace sales drive Raytheon's Q1 profits - Washington Business Journal,2,eng,google-news
794,Michigan Central milestone reached as restored Book Depository building reopens,2,eng,google-news
795,Restored Detroit Book Depository building opens in Ford's developing Michigan Central hub,2,eng,google-news
796,Ford Jump-Starts Its Attempt to Revive Detroit,2,eng,google-news
797,Ford to unveil rehabbed Book Depository in,2,eng,google-news
798,Investors' role in next week's closure of San Antonio hospital under scrutiny,0,eng,google-news
799,Why did Delaware County Memorial Hospital shut down?,0,eng,google-news
800,Less about people and more about profits: Investors' role in next week's closure of San Antonio hospital under scrutiny,0,eng,google-news
801,Owners make millions after hospital closure,0,eng,google-news
802,UK regulator holding up Microsoft's Activision deal set to get new powers to rein in Big Tech,1,eng,google-news
803,Britain to take on Big Tech with new legal powers,1,eng,google-news
804,New rules ban subscription traps and fake reviews,2,eng,google-news
805,"Apple faces new legal requirements in UK, but likely easy to satisfy",1,eng,google-news
806,MTA train crew carries out 'daring rescue' of 3-year-old child with autism on tracks near New York City,2,eng,google-news
807,MTA engineers save toddler on train tracks in Westchester County,2,eng,google-news
808,Video: 3-year-old rescued from NY train tracks; railroad workers hailed heroes,2,eng,google-news
809,Missing Toddler Rescued From Train Tracks Near Tarrytown Station: Video,2,eng,google-news
810,New home sales rise for the fourth month in a row,2,eng,google-news
811,New home sales surged in March on 171 percent jump in Northeast,2,eng,google-news
812,New Home Sales Bounced Back in March,2,eng,google-news
813,Here is where home prices are rising the fastest in California,2,eng,google-news
814,Tesla Drops Model Y Starting Price Below the Average US Vehicle,2,eng,google-news
815,"Tesla 'still way ahead of the competition' despite price cuts, strategist says",2,eng,google-news
816,Tesla Model Y price cuts have brought costs below U.S. average,2,eng,google-news
817,How Tesla's Price Cuts Impacted Earnings,1,eng,google-news
818,"The 10 highest-paying internships of 2023, according to Glassdoor—some pay over $9,000 a month",2,eng,google-news
819,These tech companies offer the highest paid internships — some over $8K a month,2,eng,google-news
820,The 25 Highest Paying Internships Bring In Up To $9000 a Month,2,eng,google-news
821,"Mass layoffs haven't dented pay for tech and finance internships, says Glassdoor",2,eng,google-news
822,'Bloomberg Technology' Full Show (04/24/2023),1,eng,google-news
823,Watch Bloomberg Markets: Americas Full Show (04/24/2023),1,eng,google-news
824,Beyond the Bell 04/24/23,1,eng,google-news
825,Watch Best of Bloomberg Intelligence (04/24/2023),0,eng,google-news
826,"Stock market outlook: Volatility is too low, traders should sell bounces",1,eng,google-news
827,'Fear Gauge' Owner Plans More Market Tools After One-Day VIX,2,eng,google-news
828,Stock-Market Calm Encourages Money Managers to Jump In,1,eng,google-news
829,New 1-Day Volatility Index will open many doors - OptionsDesk,0,eng,google-news
830,Yellen Says US Default Would Cause an 'Economic Catastrophe',0,eng,google-news
831,US default on debt would trigger an 'economic catastrophe' - Yellen,0,eng,google-news
832,"Yellen warns debt default would disrupt Social Security payments, raise borrowing costs 'into perpetuity'",0,eng,google-news
833,Debt limit action should be 'without conditions': Yellen,1,eng,google-news
